analysis,model,repeat,fold,features,imputation,selected_C,selected_l1_ratio,best_inner_auc,tuned_in_inner_cv,convergence_warning_count,convergence_messages,integer_base_model
primary_core,Continuous_HITS_Core,1,1,neut;lymph;mono;plt;mpv;rdw;hb,complete case,10.0,0.75,0.7305072938658685,True,0,,
primary_core,NLR,1,1,NLR,training-fold median,,,,False,0,,
primary_core,PLR,1,1,PLR,training-fold median,,,,False,0,,
primary_core,MLR,1,1,MLR,training-fold median,,,,False,0,,
primary_core,SII,1,1,SII,training-fold median,,,,False,0,,
primary_core,SIRI,1,1,SIRI,training-fold median,,,,False,0,,
primary_core,PIV,1,1,PIV,training-fold median,,,,False,0,,
primary_core,HRR,1,1,HRR,training-fold median,,,,False,0,,
primary_core,Continuous_HITS_Core,1,2,neut;lymph;mono;plt;mpv;rdw;hb,complete case,10.0,0.25,0.72865517421233,True,0,,
primary_core,NLR,1,2,NLR,training-fold median,,,,False,0,,
primary_core,PLR,1,2,PLR,training-fold median,,,,False,0,,
primary_core,MLR,1,2,MLR,training-fold median,,,,False,0,,
primary_core,SII,1,2,SII,training-fold median,,,,False,0,,
primary_core,SIRI,1,2,SIRI,training-fold median,,,,False,0,,
primary_core,PIV,1,2,PIV,training-fold median,,,,False,0,,
primary_core,HRR,1,2,HRR,training-fold median,,,,False,0,,
primary_core,Continuous_HITS_Core,1,3,neut;lymph;mono;plt;mpv;rdw;hb,complete case,10.0,0.25,0.7219972098252359,True,0,,
primary_core,NLR,1,3,NLR,training-fold median,,,,False,0,,
primary_core,PLR,1,3,PLR,training-fold median,,,,False,0,,
primary_core,MLR,1,3,MLR,training-fold median,,,,False,0,,
primary_core,SII,1,3,SII,training-fold median,,,,False,0,,
primary_core,SIRI,1,3,SIRI,training-fold median,,,,False,0,,
primary_core,PIV,1,3,PIV,training-fold median,,,,False,0,,
primary_core,HRR,1,3,HRR,training-fold median,,,,False,0,,
primary_core,Continuous_HITS_Core,1,4,neut;lymph;mono;plt;mpv;rdw;hb,complete case,10.0,0.5,0.725781429381301,True,0,,
primary_core,NLR,1,4,NLR,training-fold median,,,,False,0,,
primary_core,PLR,1,4,PLR,training-fold median,,,,False,0,,
primary_core,MLR,1,4,MLR,training-fold median,,,,False,0,,
primary_core,SII,1,4,SII,training-fold median,,,,False,0,,
primary_core,SIRI,1,4,SIRI,training-fold median,,,,False,0,,
primary_core,PIV,1,4,PIV,training-fold median,,,,False,0,,
primary_core,HRR,1,4,HRR,training-fold median,,,,False,0,,
primary_core,Continuous_HITS_Core,1,5,neut;lymph;mono;plt;mpv;rdw;hb,complete case,10.0,0.75,0.7165167662665775,True,0,,
primary_core,NLR,1,5,NLR,training-fold median,,,,False,0,,
primary_core,PLR,1,5,PLR,training-fold median,,,,False,0,,
primary_core,MLR,1,5,MLR,training-fold median,,,,False,0,,
primary_core,SII,1,5,SII,training-fold median,,,,False,0,,
primary_core,SIRI,1,5,SIRI,training-fold median,,,,False,0,,
primary_core,PIV,1,5,PIV,training-fold median,,,,False,0,,
primary_core,HRR,1,5,HRR,training-fold median,,,,False,0,,
primary_core,Continuous_HITS_Core,2,1,neut;lymph;mono;plt;mpv;rdw;hb,complete case,10.0,0.75,0.7198674212680576,True,0,,
primary_core,NLR,2,1,NLR,training-fold median,,,,False,0,,
primary_core,PLR,2,1,PLR,training-fold median,,,,False,0,,
primary_core,MLR,2,1,MLR,training-fold median,,,,False,0,,
primary_core,SII,2,1,SII,training-fold median,,,,False,0,,
primary_core,SIRI,2,1,SIRI,training-fold median,,,,False,0,,
primary_core,PIV,2,1,PIV,training-fold median,,,,False,0,,
primary_core,HRR,2,1,HRR,training-fold median,,,,False,0,,
primary_core,Continuous_HITS_Core,2,2,neut;lymph;mono;plt;mpv;rdw;hb,complete case,0.1,0.25,0.7232821079716464,True,0,,
primary_core,NLR,2,2,NLR,training-fold median,,,,False,0,,
primary_core,PLR,2,2,PLR,training-fold median,,,,False,0,,
primary_core,MLR,2,2,MLR,training-fold median,,,,False,0,,
primary_core,SII,2,2,SII,training-fold median,,,,False,0,,
primary_core,SIRI,2,2,SIRI,training-fold median,,,,False,0,,
primary_core,PIV,2,2,PIV,training-fold median,,,,False,0,,
primary_core,HRR,2,2,HRR,training-fold median,,,,False,0,,
primary_core,Continuous_HITS_Core,2,3,neut;lymph;mono;plt;mpv;rdw;hb,complete case,1.0,0.5,0.7234774007576364,True,0,,
primary_core,NLR,2,3,NLR,training-fold median,,,,False,0,,
primary_core,PLR,2,3,PLR,training-fold median,,,,False,0,,
primary_core,MLR,2,3,MLR,training-fold median,,,,False,0,,
primary_core,SII,2,3,SII,training-fold median,,,,False,0,,
primary_core,SIRI,2,3,SIRI,training-fold median,,,,False,0,,
primary_core,PIV,2,3,PIV,training-fold median,,,,False,0,,
primary_core,HRR,2,3,HRR,training-fold median,,,,False,0,,
primary_core,Continuous_HITS_Core,2,4,neut;lymph;mono;plt;mpv;rdw;hb,complete case,10.0,0.5,0.7247721438041498,True,0,,
primary_core,NLR,2,4,NLR,training-fold median,,,,False,0,,
primary_core,PLR,2,4,PLR,training-fold median,,,,False,0,,
primary_core,MLR,2,4,MLR,training-fold median,,,,False,0,,
primary_core,SII,2,4,SII,training-fold median,,,,False,0,,
primary_core,SIRI,2,4,SIRI,training-fold median,,,,False,0,,
primary_core,PIV,2,4,PIV,training-fold median,,,,False,0,,
primary_core,HRR,2,4,HRR,training-fold median,,,,False,0,,
primary_core,Continuous_HITS_Core,2,5,neut;lymph;mono;plt;mpv;rdw;hb,complete case,10.0,0.5,0.7255248498604913,True,0,,
primary_core,NLR,2,5,NLR,training-fold median,,,,False,0,,
primary_core,PLR,2,5,PLR,training-fold median,,,,False,0,,
primary_core,MLR,2,5,MLR,training-fold median,,,,False,0,,
primary_core,SII,2,5,SII,training-fold median,,,,False,0,,
primary_core,SIRI,2,5,SIRI,training-fold median,,,,False,0,,
primary_core,PIV,2,5,PIV,training-fold median,,,,False,0,,
primary_core,HRR,2,5,HRR,training-fold median,,,,False,0,,
primary_core,Continuous_HITS_Core,3,1,neut;lymph;mono;plt;mpv;rdw;hb,complete case,10.0,0.5,0.7195213959838801,True,0,,
primary_core,NLR,3,1,NLR,training-fold median,,,,False,0,,
primary_core,PLR,3,1,PLR,training-fold median,,,,False,0,,
primary_core,MLR,3,1,MLR,training-fold median,,,,False,0,,
primary_core,SII,3,1,SII,training-fold median,,,,False,0,,
primary_core,SIRI,3,1,SIRI,training-fold median,,,,False,0,,
primary_core,PIV,3,1,PIV,training-fold median,,,,False,0,,
primary_core,HRR,3,1,HRR,training-fold median,,,,False,0,,
primary_core,Continuous_HITS_Core,3,2,neut;lymph;mono;plt;mpv;rdw;hb,complete case,1.0,0.5,0.7277260282899325,True,0,,
primary_core,NLR,3,2,NLR,training-fold median,,,,False,0,,
primary_core,PLR,3,2,PLR,training-fold median,,,,False,0,,
primary_core,MLR,3,2,MLR,training-fold median,,,,False,0,,
primary_core,SII,3,2,SII,training-fold median,,,,False,0,,
primary_core,SIRI,3,2,SIRI,training-fold median,,,,False,0,,
primary_core,PIV,3,2,PIV,training-fold median,,,,False,0,,
primary_core,HRR,3,2,HRR,training-fold median,,,,False,0,,
primary_core,Continuous_HITS_Core,3,3,neut;lymph;mono;plt;mpv;rdw;hb,complete case,10.0,0.5,0.7255732805202901,True,0,,
primary_core,NLR,3,3,NLR,training-fold median,,,,False,0,,
primary_core,PLR,3,3,PLR,training-fold median,,,,False,0,,
primary_core,MLR,3,3,MLR,training-fold median,,,,False,0,,
primary_core,SII,3,3,SII,training-fold median,,,,False,0,,
primary_core,SIRI,3,3,SIRI,training-fold median,,,,False,0,,
primary_core,PIV,3,3,PIV,training-fold median,,,,False,0,,
primary_core,HRR,3,3,HRR,training-fold median,,,,False,0,,
primary_core,Continuous_HITS_Core,3,4,neut;lymph;mono;plt;mpv;rdw;hb,complete case,10.0,0.25,0.7283907662743564,True,0,,
primary_core,NLR,3,4,NLR,training-fold median,,,,False,0,,
primary_core,PLR,3,4,PLR,training-fold median,,,,False,0,,
primary_core,MLR,3,4,MLR,training-fold median,,,,False,0,,
primary_core,SII,3,4,SII,training-fold median,,,,False,0,,
primary_core,SIRI,3,4,SIRI,training-fold median,,,,False,0,,
primary_core,PIV,3,4,PIV,training-fold median,,,,False,0,,
primary_core,HRR,3,4,HRR,training-fold median,,,,False,0,,
primary_core,Continuous_HITS_Core,3,5,neut;lymph;mono;plt;mpv;rdw;hb,complete case,1.0,0.25,0.7247894504881545,True,0,,
primary_core,NLR,3,5,NLR,training-fold median,,,,False,0,,
primary_core,PLR,3,5,PLR,training-fold median,,,,False,0,,
primary_core,MLR,3,5,MLR,training-fold median,,,,False,0,,
primary_core,SII,3,5,SII,training-fold median,,,,False,0,,
primary_core,SIRI,3,5,SIRI,training-fold median,,,,False,0,,
primary_core,PIV,3,5,PIV,training-fold median,,,,False,0,,
primary_core,HRR,3,5,HRR,training-fold median,,,,False,0,,
primary_core,Continuous_HITS_Core,4,1,neut;lymph;mono;plt;mpv;rdw;hb,complete case,0.1,0.5,0.7155240015030051,True,0,,
primary_core,NLR,4,1,NLR,training-fold median,,,,False,0,,
primary_core,PLR,4,1,PLR,training-fold median,,,,False,0,,
primary_core,MLR,4,1,MLR,training-fold median,,,,False,0,,
primary_core,SII,4,1,SII,training-fold median,,,,False,0,,
primary_core,SIRI,4,1,SIRI,training-fold median,,,,False,0,,
primary_core,PIV,4,1,PIV,training-fold median,,,,False,0,,
primary_core,HRR,4,1,HRR,training-fold median,,,,False,0,,
primary_core,Continuous_HITS_Core,4,2,neut;lymph;mono;plt;mpv;rdw;hb,complete case,10.0,0.75,0.7200245857888995,True,0,,
primary_core,NLR,4,2,NLR,training-fold median,,,,False,0,,
primary_core,PLR,4,2,PLR,training-fold median,,,,False,0,,
primary_core,MLR,4,2,MLR,training-fold median,,,,False,0,,
primary_core,SII,4,2,SII,training-fold median,,,,False,0,,
primary_core,SIRI,4,2,SIRI,training-fold median,,,,False,0,,
primary_core,PIV,4,2,PIV,training-fold median,,,,False,0,,
primary_core,HRR,4,2,HRR,training-fold median,,,,False,0,,
primary_core,Continuous_HITS_Core,4,3,neut;lymph;mono;plt;mpv;rdw;hb,complete case,10.0,0.75,0.729932471891822,True,0,,
primary_core,NLR,4,3,NLR,training-fold median,,,,False,0,,
primary_core,PLR,4,3,PLR,training-fold median,,,,False,0,,
primary_core,MLR,4,3,MLR,training-fold median,,,,False,0,,
primary_core,SII,4,3,SII,training-fold median,,,,False,0,,
primary_core,SIRI,4,3,SIRI,training-fold median,,,,False,0,,
primary_core,PIV,4,3,PIV,training-fold median,,,,False,0,,
primary_core,HRR,4,3,HRR,training-fold median,,,,False,0,,
primary_core,Continuous_HITS_Core,4,4,neut;lymph;mono;plt;mpv;rdw;hb,complete case,10.0,0.75,0.724616193955244,True,0,,
primary_core,NLR,4,4,NLR,training-fold median,,,,False,0,,
primary_core,PLR,4,4,PLR,training-fold median,,,,False,0,,
primary_core,MLR,4,4,MLR,training-fold median,,,,False,0,,
primary_core,SII,4,4,SII,training-fold median,,,,False,0,,
primary_core,SIRI,4,4,SIRI,training-fold median,,,,False,0,,
primary_core,PIV,4,4,PIV,training-fold median,,,,False,0,,
primary_core,HRR,4,4,HRR,training-fold median,,,,False,0,,
primary_core,Continuous_HITS_Core,4,5,neut;lymph;mono;plt;mpv;rdw;hb,complete case,0.1,0.25,0.7275107587733587,True,0,,
primary_core,NLR,4,5,NLR,training-fold median,,,,False,0,,
primary_core,PLR,4,5,PLR,training-fold median,,,,False,0,,
primary_core,MLR,4,5,MLR,training-fold median,,,,False,0,,
primary_core,SII,4,5,SII,training-fold median,,,,False,0,,
primary_core,SIRI,4,5,SIRI,training-fold median,,,,False,0,,
primary_core,PIV,4,5,PIV,training-fold median,,,,False,0,,
primary_core,HRR,4,5,HRR,training-fold median,,,,False,0,,
primary_core,Continuous_HITS_Core,5,1,neut;lymph;mono;plt;mpv;rdw;hb,complete case,10.0,0.75,0.7188836820589513,True,0,,
primary_core,NLR,5,1,NLR,training-fold median,,,,False,0,,
primary_core,PLR,5,1,PLR,training-fold median,,,,False,0,,
primary_core,MLR,5,1,MLR,training-fold median,,,,False,0,,
primary_core,SII,5,1,SII,training-fold median,,,,False,0,,
primary_core,SIRI,5,1,SIRI,training-fold median,,,,False,0,,
primary_core,PIV,5,1,PIV,training-fold median,,,,False,0,,
primary_core,HRR,5,1,HRR,training-fold median,,,,False,0,,
primary_core,Continuous_HITS_Core,5,2,neut;lymph;mono;plt;mpv;rdw;hb,complete case,10.0,0.25,0.7173559579212136,True,0,,
primary_core,NLR,5,2,NLR,training-fold median,,,,False,0,,
primary_core,PLR,5,2,PLR,training-fold median,,,,False,0,,
primary_core,MLR,5,2,MLR,training-fold median,,,,False,0,,
primary_core,SII,5,2,SII,training-fold median,,,,False,0,,
primary_core,SIRI,5,2,SIRI,training-fold median,,,,False,0,,
primary_core,PIV,5,2,PIV,training-fold median,,,,False,0,,
primary_core,HRR,5,2,HRR,training-fold median,,,,False,0,,
primary_core,Continuous_HITS_Core,5,3,neut;lymph;mono;plt;mpv;rdw;hb,complete case,1.0,0.25,0.7218652202570042,True,0,,
primary_core,NLR,5,3,NLR,training-fold median,,,,False,0,,
primary_core,PLR,5,3,PLR,training-fold median,,,,False,0,,
primary_core,MLR,5,3,MLR,training-fold median,,,,False,0,,
primary_core,SII,5,3,SII,training-fold median,,,,False,0,,
primary_core,SIRI,5,3,SIRI,training-fold median,,,,False,0,,
primary_core,PIV,5,3,PIV,training-fold median,,,,False,0,,
primary_core,HRR,5,3,HRR,training-fold median,,,,False,0,,
primary_core,Continuous_HITS_Core,5,4,neut;lymph;mono;plt;mpv;rdw;hb,complete case,1.0,0.75,0.736332221254948,True,0,,
primary_core,NLR,5,4,NLR,training-fold median,,,,False,0,,
primary_core,PLR,5,4,PLR,training-fold median,,,,False,0,,
primary_core,MLR,5,4,MLR,training-fold median,,,,False,0,,
primary_core,SII,5,4,SII,training-fold median,,,,False,0,,
primary_core,SIRI,5,4,SIRI,training-fold median,,,,False,0,,
primary_core,PIV,5,4,PIV,training-fold median,,,,False,0,,
primary_core,HRR,5,4,HRR,training-fold median,,,,False,0,,
primary_core,Continuous_HITS_Core,5,5,neut;lymph;mono;plt;mpv;rdw;hb,complete case,0.1,0.5,0.7275851263453289,True,0,,
primary_core,NLR,5,5,NLR,training-fold median,,,,False,0,,
primary_core,PLR,5,5,PLR,training-fold median,,,,False,0,,
primary_core,MLR,5,5,MLR,training-fold median,,,,False,0,,
primary_core,SII,5,5,SII,training-fold median,,,,False,0,,
primary_core,SIRI,5,5,SIRI,training-fold median,,,,False,0,,
primary_core,PIV,5,5,PIV,training-fold median,,,,False,0,,
primary_core,HRR,5,5,HRR,training-fold median,,,,False,0,,
primary_core,Continuous_HITS_Core,6,1,neut;lymph;mono;plt;mpv;rdw;hb,complete case,10.0,0.25,0.7181481838550396,True,0,,
primary_core,NLR,6,1,NLR,training-fold median,,,,False,0,,
primary_core,PLR,6,1,PLR,training-fold median,,,,False,0,,
primary_core,MLR,6,1,MLR,training-fold median,,,,False,0,,
primary_core,SII,6,1,SII,training-fold median,,,,False,0,,
primary_core,SIRI,6,1,SIRI,training-fold median,,,,False,0,,
primary_core,PIV,6,1,PIV,training-fold median,,,,False,0,,
primary_core,HRR,6,1,HRR,training-fold median,,,,False,0,,
primary_core,Continuous_HITS_Core,6,2,neut;lymph;mono;plt;mpv;rdw;hb,complete case,10.0,0.75,0.7256686673365534,True,0,,
primary_core,NLR,6,2,NLR,training-fold median,,,,False,0,,
primary_core,PLR,6,2,PLR,training-fold median,,,,False,0,,
primary_core,MLR,6,2,MLR,training-fold median,,,,False,0,,
primary_core,SII,6,2,SII,training-fold median,,,,False,0,,
primary_core,SIRI,6,2,SIRI,training-fold median,,,,False,0,,
primary_core,PIV,6,2,PIV,training-fold median,,,,False,0,,
primary_core,HRR,6,2,HRR,training-fold median,,,,False,0,,
primary_core,Continuous_HITS_Core,6,3,neut;lymph;mono;plt;mpv;rdw;hb,complete case,0.1,0.25,0.7221607250717915,True,0,,
primary_core,NLR,6,3,NLR,training-fold median,,,,False,0,,
primary_core,PLR,6,3,PLR,training-fold median,,,,False,0,,
primary_core,MLR,6,3,MLR,training-fold median,,,,False,0,,
primary_core,SII,6,3,SII,training-fold median,,,,False,0,,
primary_core,SIRI,6,3,SIRI,training-fold median,,,,False,0,,
primary_core,PIV,6,3,PIV,training-fold median,,,,False,0,,
primary_core,HRR,6,3,HRR,training-fold median,,,,False,0,,
primary_core,Continuous_HITS_Core,6,4,neut;lymph;mono;plt;mpv;rdw;hb,complete case,0.1,0.25,0.7259168382032113,True,0,,
primary_core,NLR,6,4,NLR,training-fold median,,,,False,0,,
primary_core,PLR,6,4,PLR,training-fold median,,,,False,0,,
primary_core,MLR,6,4,MLR,training-fold median,,,,False,0,,
primary_core,SII,6,4,SII,training-fold median,,,,False,0,,
primary_core,SIRI,6,4,SIRI,training-fold median,,,,False,0,,
primary_core,PIV,6,4,PIV,training-fold median,,,,False,0,,
primary_core,HRR,6,4,HRR,training-fold median,,,,False,0,,
primary_core,Continuous_HITS_Core,6,5,neut;lymph;mono;plt;mpv;rdw;hb,complete case,10.0,0.25,0.7326520601888118,True,0,,
primary_core,NLR,6,5,NLR,training-fold median,,,,False,0,,
primary_core,PLR,6,5,PLR,training-fold median,,,,False,0,,
primary_core,MLR,6,5,MLR,training-fold median,,,,False,0,,
primary_core,SII,6,5,SII,training-fold median,,,,False,0,,
primary_core,SIRI,6,5,SIRI,training-fold median,,,,False,0,,
primary_core,PIV,6,5,PIV,training-fold median,,,,False,0,,
primary_core,HRR,6,5,HRR,training-fold median,,,,False,0,,
primary_core,Continuous_HITS_Core,7,1,neut;lymph;mono;plt;mpv;rdw;hb,complete case,10.0,0.5,0.7186090195480566,True,0,,
primary_core,NLR,7,1,NLR,training-fold median,,,,False,0,,
primary_core,PLR,7,1,PLR,training-fold median,,,,False,0,,
primary_core,MLR,7,1,MLR,training-fold median,,,,False,0,,
primary_core,SII,7,1,SII,training-fold median,,,,False,0,,
primary_core,SIRI,7,1,SIRI,training-fold median,,,,False,0,,
primary_core,PIV,7,1,PIV,training-fold median,,,,False,0,,
primary_core,HRR,7,1,HRR,training-fold median,,,,False,0,,
primary_core,Continuous_HITS_Core,7,2,neut;lymph;mono;plt;mpv;rdw;hb,complete case,10.0,0.5,0.7210751686178252,True,0,,
primary_core,NLR,7,2,NLR,training-fold median,,,,False,0,,
primary_core,PLR,7,2,PLR,training-fold median,,,,False,0,,
primary_core,MLR,7,2,MLR,training-fold median,,,,False,0,,
primary_core,SII,7,2,SII,training-fold median,,,,False,0,,
primary_core,SIRI,7,2,SIRI,training-fold median,,,,False,0,,
primary_core,PIV,7,2,PIV,training-fold median,,,,False,0,,
primary_core,HRR,7,2,HRR,training-fold median,,,,False,0,,
primary_core,Continuous_HITS_Core,7,3,neut;lymph;mono;plt;mpv;rdw;hb,complete case,1.0,0.25,0.7261500759377186,True,0,,
primary_core,NLR,7,3,NLR,training-fold median,,,,False,0,,
primary_core,PLR,7,3,PLR,training-fold median,,,,False,0,,
primary_core,MLR,7,3,MLR,training-fold median,,,,False,0,,
primary_core,SII,7,3,SII,training-fold median,,,,False,0,,
primary_core,SIRI,7,3,SIRI,training-fold median,,,,False,0,,
primary_core,PIV,7,3,PIV,training-fold median,,,,False,0,,
primary_core,HRR,7,3,HRR,training-fold median,,,,False,0,,
primary_core,Continuous_HITS_Core,7,4,neut;lymph;mono;plt;mpv;rdw;hb,complete case,10.0,0.25,0.743535887370772,True,0,,
primary_core,NLR,7,4,NLR,training-fold median,,,,False,0,,
primary_core,PLR,7,4,PLR,training-fold median,,,,False,0,,
primary_core,MLR,7,4,MLR,training-fold median,,,,False,0,,
primary_core,SII,7,4,SII,training-fold median,,,,False,0,,
primary_core,SIRI,7,4,SIRI,training-fold median,,,,False,0,,
primary_core,PIV,7,4,PIV,training-fold median,,,,False,0,,
primary_core,HRR,7,4,HRR,training-fold median,,,,False,0,,
primary_core,Continuous_HITS_Core,7,5,neut;lymph;mono;plt;mpv;rdw;hb,complete case,10.0,0.25,0.7133740130471706,True,0,,
primary_core,NLR,7,5,NLR,training-fold median,,,,False,0,,
primary_core,PLR,7,5,PLR,training-fold median,,,,False,0,,
primary_core,MLR,7,5,MLR,training-fold median,,,,False,0,,
primary_core,SII,7,5,SII,training-fold median,,,,False,0,,
primary_core,SIRI,7,5,SIRI,training-fold median,,,,False,0,,
primary_core,PIV,7,5,PIV,training-fold median,,,,False,0,,
primary_core,HRR,7,5,HRR,training-fold median,,,,False,0,,
primary_core,Continuous_HITS_Core,8,1,neut;lymph;mono;plt;mpv;rdw;hb,complete case,0.1,0.25,0.7390163082938119,True,0,,
primary_core,NLR,8,1,NLR,training-fold median,,,,False,0,,
primary_core,PLR,8,1,PLR,training-fold median,,,,False,0,,
primary_core,MLR,8,1,MLR,training-fold median,,,,False,0,,
primary_core,SII,8,1,SII,training-fold median,,,,False,0,,
primary_core,SIRI,8,1,SIRI,training-fold median,,,,False,0,,
primary_core,PIV,8,1,PIV,training-fold median,,,,False,0,,
primary_core,HRR,8,1,HRR,training-fold median,,,,False,0,,
primary_core,Continuous_HITS_Core,8,2,neut;lymph;mono;plt;mpv;rdw;hb,complete case,10.0,0.25,0.7309582958171863,True,0,,
primary_core,NLR,8,2,NLR,training-fold median,,,,False,0,,
primary_core,PLR,8,2,PLR,training-fold median,,,,False,0,,
primary_core,MLR,8,2,MLR,training-fold median,,,,False,0,,
primary_core,SII,8,2,SII,training-fold median,,,,False,0,,
primary_core,SIRI,8,2,SIRI,training-fold median,,,,False,0,,
primary_core,PIV,8,2,PIV,training-fold median,,,,False,0,,
primary_core,HRR,8,2,HRR,training-fold median,,,,False,0,,
primary_core,Continuous_HITS_Core,8,3,neut;lymph;mono;plt;mpv;rdw;hb,complete case,1.0,0.75,0.7149779092301485,True,0,,
primary_core,NLR,8,3,NLR,training-fold median,,,,False,0,,
primary_core,PLR,8,3,PLR,training-fold median,,,,False,0,,
primary_core,MLR,8,3,MLR,training-fold median,,,,False,0,,
primary_core,SII,8,3,SII,training-fold median,,,,False,0,,
primary_core,SIRI,8,3,SIRI,training-fold median,,,,False,0,,
primary_core,PIV,8,3,PIV,training-fold median,,,,False,0,,
primary_core,HRR,8,3,HRR,training-fold median,,,,False,0,,
primary_core,Continuous_HITS_Core,8,4,neut;lymph;mono;plt;mpv;rdw;hb,complete case,1.0,0.5,0.7074142012811505,True,0,,
primary_core,NLR,8,4,NLR,training-fold median,,,,False,0,,
primary_core,PLR,8,4,PLR,training-fold median,,,,False,0,,
primary_core,MLR,8,4,MLR,training-fold median,,,,False,0,,
primary_core,SII,8,4,SII,training-fold median,,,,False,0,,
primary_core,SIRI,8,4,SIRI,training-fold median,,,,False,0,,
primary_core,PIV,8,4,PIV,training-fold median,,,,False,0,,
primary_core,HRR,8,4,HRR,training-fold median,,,,False,0,,
primary_core,Continuous_HITS_Core,8,5,neut;lymph;mono;plt;mpv;rdw;hb,complete case,1.0,0.75,0.7316517427800505,True,0,,
primary_core,NLR,8,5,NLR,training-fold median,,,,False,0,,
primary_core,PLR,8,5,PLR,training-fold median,,,,False,0,,
primary_core,MLR,8,5,MLR,training-fold median,,,,False,0,,
primary_core,SII,8,5,SII,training-fold median,,,,False,0,,
primary_core,SIRI,8,5,SIRI,training-fold median,,,,False,0,,
primary_core,PIV,8,5,PIV,training-fold median,,,,False,0,,
primary_core,HRR,8,5,HRR,training-fold median,,,,False,0,,
primary_core,Continuous_HITS_Core,9,1,neut;lymph;mono;plt;mpv;rdw;hb,complete case,10.0,0.5,0.7151328277237488,True,0,,
primary_core,NLR,9,1,NLR,training-fold median,,,,False,0,,
primary_core,PLR,9,1,PLR,training-fold median,,,,False,0,,
primary_core,MLR,9,1,MLR,training-fold median,,,,False,0,,
primary_core,SII,9,1,SII,training-fold median,,,,False,0,,
primary_core,SIRI,9,1,SIRI,training-fold median,,,,False,0,,
primary_core,PIV,9,1,PIV,training-fold median,,,,False,0,,
primary_core,HRR,9,1,HRR,training-fold median,,,,False,0,,
primary_core,Continuous_HITS_Core,9,2,neut;lymph;mono;plt;mpv;rdw;hb,complete case,10.0,0.25,0.7135541017112081,True,0,,
primary_core,NLR,9,2,NLR,training-fold median,,,,False,0,,
primary_core,PLR,9,2,PLR,training-fold median,,,,False,0,,
primary_core,MLR,9,2,MLR,training-fold median,,,,False,0,,
primary_core,SII,9,2,SII,training-fold median,,,,False,0,,
primary_core,SIRI,9,2,SIRI,training-fold median,,,,False,0,,
primary_core,PIV,9,2,PIV,training-fold median,,,,False,0,,
primary_core,HRR,9,2,HRR,training-fold median,,,,False,0,,
primary_core,Continuous_HITS_Core,9,3,neut;lymph;mono;plt;mpv;rdw;hb,complete case,1.0,0.5,0.7289814188350154,True,0,,
primary_core,NLR,9,3,NLR,training-fold median,,,,False,0,,
primary_core,PLR,9,3,PLR,training-fold median,,,,False,0,,
primary_core,MLR,9,3,MLR,training-fold median,,,,False,0,,
primary_core,SII,9,3,SII,training-fold median,,,,False,0,,
primary_core,SIRI,9,3,SIRI,training-fold median,,,,False,0,,
primary_core,PIV,9,3,PIV,training-fold median,,,,False,0,,
primary_core,HRR,9,3,HRR,training-fold median,,,,False,0,,
primary_core,Continuous_HITS_Core,9,4,neut;lymph;mono;plt;mpv;rdw;hb,complete case,1.0,0.5,0.7423579202061921,True,0,,
primary_core,NLR,9,4,NLR,training-fold median,,,,False,0,,
primary_core,PLR,9,4,PLR,training-fold median,,,,False,0,,
primary_core,MLR,9,4,MLR,training-fold median,,,,False,0,,
primary_core,SII,9,4,SII,training-fold median,,,,False,0,,
primary_core,SIRI,9,4,SIRI,training-fold median,,,,False,0,,
primary_core,PIV,9,4,PIV,training-fold median,,,,False,0,,
primary_core,HRR,9,4,HRR,training-fold median,,,,False,0,,
primary_core,Continuous_HITS_Core,9,5,neut;lymph;mono;plt;mpv;rdw;hb,complete case,1.0,0.75,0.7290414590167458,True,0,,
primary_core,NLR,9,5,NLR,training-fold median,,,,False,0,,
primary_core,PLR,9,5,PLR,training-fold median,,,,False,0,,
primary_core,MLR,9,5,MLR,training-fold median,,,,False,0,,
primary_core,SII,9,5,SII,training-fold median,,,,False,0,,
primary_core,SIRI,9,5,SIRI,training-fold median,,,,False,0,,
primary_core,PIV,9,5,PIV,training-fold median,,,,False,0,,
primary_core,HRR,9,5,HRR,training-fold median,,,,False,0,,
primary_core,Continuous_HITS_Core,10,1,neut;lymph;mono;plt;mpv;rdw;hb,complete case,10.0,0.5,0.7265442226345094,True,0,,
primary_core,NLR,10,1,NLR,training-fold median,,,,False,0,,
primary_core,PLR,10,1,PLR,training-fold median,,,,False,0,,
primary_core,MLR,10,1,MLR,training-fold median,,,,False,0,,
primary_core,SII,10,1,SII,training-fold median,,,,False,0,,
primary_core,SIRI,10,1,SIRI,training-fold median,,,,False,0,,
primary_core,PIV,10,1,PIV,training-fold median,,,,False,0,,
primary_core,HRR,10,1,HRR,training-fold median,,,,False,0,,
primary_core,Continuous_HITS_Core,10,2,neut;lymph;mono;plt;mpv;rdw;hb,complete case,10.0,0.25,0.7219267636351069,True,0,,
primary_core,NLR,10,2,NLR,training-fold median,,,,False,0,,
primary_core,PLR,10,2,PLR,training-fold median,,,,False,0,,
primary_core,MLR,10,2,MLR,training-fold median,,,,False,0,,
primary_core,SII,10,2,SII,training-fold median,,,,False,0,,
primary_core,SIRI,10,2,SIRI,training-fold median,,,,False,0,,
primary_core,PIV,10,2,PIV,training-fold median,,,,False,0,,
primary_core,HRR,10,2,HRR,training-fold median,,,,False,0,,
primary_core,Continuous_HITS_Core,10,3,neut;lymph;mono;plt;mpv;rdw;hb,complete case,0.1,0.25,0.7206895134661846,True,0,,
primary_core,NLR,10,3,NLR,training-fold median,,,,False,0,,
primary_core,PLR,10,3,PLR,training-fold median,,,,False,0,,
primary_core,MLR,10,3,MLR,training-fold median,,,,False,0,,
primary_core,SII,10,3,SII,training-fold median,,,,False,0,,
primary_core,SIRI,10,3,SIRI,training-fold median,,,,False,0,,
primary_core,PIV,10,3,PIV,training-fold median,,,,False,0,,
primary_core,HRR,10,3,HRR,training-fold median,,,,False,0,,
primary_core,Continuous_HITS_Core,10,4,neut;lymph;mono;plt;mpv;rdw;hb,complete case,10.0,0.25,0.7290587880175579,True,0,,
primary_core,NLR,10,4,NLR,training-fold median,,,,False,0,,
primary_core,PLR,10,4,PLR,training-fold median,,,,False,0,,
primary_core,MLR,10,4,MLR,training-fold median,,,,False,0,,
primary_core,SII,10,4,SII,training-fold median,,,,False,0,,
primary_core,SIRI,10,4,SIRI,training-fold median,,,,False,0,,
primary_core,PIV,10,4,PIV,training-fold median,,,,False,0,,
primary_core,HRR,10,4,HRR,training-fold median,,,,False,0,,
primary_core,Continuous_HITS_Core,10,5,neut;lymph;mono;plt;mpv;rdw;hb,complete case,10.0,0.5,0.7192918724037185,True,0,,
primary_core,NLR,10,5,NLR,training-fold median,,,,False,0,,
primary_core,PLR,10,5,PLR,training-fold median,,,,False,0,,
primary_core,MLR,10,5,MLR,training-fold median,,,,False,0,,
primary_core,SII,10,5,SII,training-fold median,,,,False,0,,
primary_core,SIRI,10,5,SIRI,training-fold median,,,,False,0,,
primary_core,PIV,10,5,PIV,training-fold median,,,,False,0,,
primary_core,HRR,10,5,HRR,training-fold median,,,,False,0,,
primary_enhanced_imputed,Continuous_HITS_Enhanced,1,1,neut;lymph;mono;plt;mpv;rdw;hb;fbg,training-fold median,10.0,0.75,0.7406070678476211,True,0,,
primary_enhanced_imputed,Continuous_HITS_Enhanced,1,2,neut;lymph;mono;plt;mpv;rdw;hb;fbg,training-fold median,10.0,0.75,0.736307675955113,True,0,,
primary_enhanced_imputed,Continuous_HITS_Enhanced,1,3,neut;lymph;mono;plt;mpv;rdw;hb;fbg,training-fold median,1.0,0.25,0.7373375248760669,True,0,,
primary_enhanced_imputed,Continuous_HITS_Enhanced,1,4,neut;lymph;mono;plt;mpv;rdw;hb;fbg,training-fold median,0.1,0.25,0.737889851508428,True,0,,
primary_enhanced_imputed,Continuous_HITS_Enhanced,1,5,neut;lymph;mono;plt;mpv;rdw;hb;fbg,training-fold median,1.0,0.25,0.7290390057620084,True,0,,
primary_enhanced_imputed,Continuous_HITS_Enhanced,2,1,neut;lymph;mono;plt;mpv;rdw;hb;fbg,training-fold median,0.1,0.25,0.725068813875086,True,0,,
primary_enhanced_imputed,Continuous_HITS_Enhanced,2,2,neut;lymph;mono;plt;mpv;rdw;hb;fbg,training-fold median,0.1,0.25,0.7368062955968238,True,0,,
primary_enhanced_imputed,Continuous_HITS_Enhanced,2,3,neut;lymph;mono;plt;mpv;rdw;hb;fbg,training-fold median,10.0,0.25,0.733421727018646,True,0,,
primary_enhanced_imputed,Continuous_HITS_Enhanced,2,4,neut;lymph;mono;plt;mpv;rdw;hb;fbg,training-fold median,1.0,0.25,0.7426384360968109,True,0,,
primary_enhanced_imputed,Continuous_HITS_Enhanced,2,5,neut;lymph;mono;plt;mpv;rdw;hb;fbg,training-fold median,10.0,0.5,0.7367573420861127,True,0,,
primary_enhanced_imputed,Continuous_HITS_Enhanced,3,1,neut;lymph;mono;plt;mpv;rdw;hb;fbg,training-fold median,1.0,0.75,0.7228982126596616,True,0,,
primary_enhanced_imputed,Continuous_HITS_Enhanced,3,2,neut;lymph;mono;plt;mpv;rdw;hb;fbg,training-fold median,1.0,0.25,0.741922125564942,True,0,,
primary_enhanced_imputed,Continuous_HITS_Enhanced,3,3,neut;lymph;mono;plt;mpv;rdw;hb;fbg,training-fold median,10.0,0.5,0.7303484508023115,True,0,,
primary_enhanced_imputed,Continuous_HITS_Enhanced,3,4,neut;lymph;mono;plt;mpv;rdw;hb;fbg,training-fold median,0.1,0.25,0.7396731445344195,True,0,,
primary_enhanced_imputed,Continuous_HITS_Enhanced,3,5,neut;lymph;mono;plt;mpv;rdw;hb;fbg,training-fold median,0.1,0.25,0.7267411333890232,True,0,,
primary_enhanced_imputed,Continuous_HITS_Enhanced,4,1,neut;lymph;mono;plt;mpv;rdw;hb;fbg,training-fold median,1.0,0.75,0.7283494339533134,True,0,,
primary_enhanced_imputed,Continuous_HITS_Enhanced,4,2,neut;lymph;mono;plt;mpv;rdw;hb;fbg,training-fold median,10.0,0.25,0.7300032352994249,True,0,,
primary_enhanced_imputed,Continuous_HITS_Enhanced,4,3,neut;lymph;mono;plt;mpv;rdw;hb;fbg,training-fold median,10.0,0.75,0.7432540611647576,True,0,,
primary_enhanced_imputed,Continuous_HITS_Enhanced,4,4,neut;lymph;mono;plt;mpv;rdw;hb;fbg,training-fold median,1.0,0.25,0.7336892880026693,True,0,,
primary_enhanced_imputed,Continuous_HITS_Enhanced,4,5,neut;lymph;mono;plt;mpv;rdw;hb;fbg,training-fold median,0.1,0.25,0.7400223435873962,True,0,,
primary_enhanced_imputed,Continuous_HITS_Enhanced,5,1,neut;lymph;mono;plt;mpv;rdw;hb;fbg,training-fold median,10.0,0.25,0.7288254131940917,True,0,,
primary_enhanced_imputed,Continuous_HITS_Enhanced,5,2,neut;lymph;mono;plt;mpv;rdw;hb;fbg,training-fold median,1.0,0.25,0.7324069323782252,True,0,,
primary_enhanced_imputed,Continuous_HITS_Enhanced,5,3,neut;lymph;mono;plt;mpv;rdw;hb;fbg,training-fold median,10.0,0.25,0.7325144898247155,True,0,,
primary_enhanced_imputed,Continuous_HITS_Enhanced,5,4,neut;lymph;mono;plt;mpv;rdw;hb;fbg,training-fold median,0.1,0.25,0.7427779209241556,True,0,,
primary_enhanced_imputed,Continuous_HITS_Enhanced,5,5,neut;lymph;mono;plt;mpv;rdw;hb;fbg,training-fold median,1.0,0.25,0.7418847943286233,True,0,,
primary_enhanced_imputed,Continuous_HITS_Enhanced,6,1,neut;lymph;mono;plt;mpv;rdw;hb;fbg,training-fold median,0.1,0.25,0.7293738535138801,True,0,,
primary_enhanced_imputed,Continuous_HITS_Enhanced,6,2,neut;lymph;mono;plt;mpv;rdw;hb;fbg,training-fold median,10.0,0.25,0.735137564306677,True,0,,
primary_enhanced_imputed,Continuous_HITS_Enhanced,6,3,neut;lymph;mono;plt;mpv;rdw;hb;fbg,training-fold median,10.0,0.25,0.7265540547821506,True,0,,
primary_enhanced_imputed,Continuous_HITS_Enhanced,6,4,neut;lymph;mono;plt;mpv;rdw;hb;fbg,training-fold median,10.0,0.5,0.735387348359686,True,0,,
primary_enhanced_imputed,Continuous_HITS_Enhanced,6,5,neut;lymph;mono;plt;mpv;rdw;hb;fbg,training-fold median,1.0,0.5,0.7428861606273242,True,0,,
primary_enhanced_imputed,Continuous_HITS_Enhanced,7,1,neut;lymph;mono;plt;mpv;rdw;hb;fbg,training-fold median,10.0,0.75,0.7182645723809618,True,0,,
primary_enhanced_imputed,Continuous_HITS_Enhanced,7,2,neut;lymph;mono;plt;mpv;rdw;hb;fbg,training-fold median,0.1,0.75,0.7284484249339439,True,0,,
primary_enhanced_imputed,Continuous_HITS_Enhanced,7,3,neut;lymph;mono;plt;mpv;rdw;hb;fbg,training-fold median,0.1,0.25,0.7368996866528977,True,0,,
primary_enhanced_imputed,Continuous_HITS_Enhanced,7,4,neut;lymph;mono;plt;mpv;rdw;hb;fbg,training-fold median,10.0,0.5,0.7483921409896814,True,0,,
primary_enhanced_imputed,Continuous_HITS_Enhanced,7,5,neut;lymph;mono;plt;mpv;rdw;hb;fbg,training-fold median,0.1,0.25,0.7318117367532374,True,0,,
primary_enhanced_imputed,Continuous_HITS_Enhanced,8,1,neut;lymph;mono;plt;mpv;rdw;hb;fbg,training-fold median,10.0,0.25,0.7415658154207481,True,0,,
primary_enhanced_imputed,Continuous_HITS_Enhanced,8,2,neut;lymph;mono;plt;mpv;rdw;hb;fbg,training-fold median,10.0,0.25,0.7377754810595025,True,0,,
primary_enhanced_imputed,Continuous_HITS_Enhanced,8,3,neut;lymph;mono;plt;mpv;rdw;hb;fbg,training-fold median,10.0,0.25,0.7255737985890295,True,0,,
primary_enhanced_imputed,Continuous_HITS_Enhanced,8,4,neut;lymph;mono;plt;mpv;rdw;hb;fbg,training-fold median,10.0,0.25,0.7206900379111546,True,0,,
primary_enhanced_imputed,Continuous_HITS_Enhanced,8,5,neut;lymph;mono;plt;mpv;rdw;hb;fbg,training-fold median,0.1,0.25,0.742819803195091,True,0,,
primary_enhanced_imputed,Continuous_HITS_Enhanced,9,1,neut;lymph;mono;plt;mpv;rdw;hb;fbg,training-fold median,10.0,0.25,0.7209216018851199,True,0,,
primary_enhanced_imputed,Continuous_HITS_Enhanced,9,2,neut;lymph;mono;plt;mpv;rdw;hb;fbg,training-fold median,10.0,0.75,0.7291072378060487,True,0,,
primary_enhanced_imputed,Continuous_HITS_Enhanced,9,3,neut;lymph;mono;plt;mpv;rdw;hb;fbg,training-fold median,10.0,0.75,0.7425466167815886,True,0,,
primary_enhanced_imputed,Continuous_HITS_Enhanced,9,4,neut;lymph;mono;plt;mpv;rdw;hb;fbg,training-fold median,10.0,0.25,0.7483007727927768,True,0,,
primary_enhanced_imputed,Continuous_HITS_Enhanced,9,5,neut;lymph;mono;plt;mpv;rdw;hb;fbg,training-fold median,1.0,0.5,0.7357224862300518,True,0,,
primary_enhanced_imputed,Continuous_HITS_Enhanced,10,1,neut;lymph;mono;plt;mpv;rdw;hb;fbg,training-fold median,0.1,0.25,0.7354797893573951,True,0,,
primary_enhanced_imputed,Continuous_HITS_Enhanced,10,2,neut;lymph;mono;plt;mpv;rdw;hb;fbg,training-fold median,10.0,0.75,0.7294536631986986,True,0,,
primary_enhanced_imputed,Continuous_HITS_Enhanced,10,3,neut;lymph;mono;plt;mpv;rdw;hb;fbg,training-fold median,0.1,0.25,0.726275979393808,True,0,,
primary_enhanced_imputed,Continuous_HITS_Enhanced,10,4,neut;lymph;mono;plt;mpv;rdw;hb;fbg,training-fold median,0.1,0.5,0.7355315866669703,True,0,,
primary_enhanced_imputed,Continuous_HITS_Enhanced,10,5,neut;lymph;mono;plt;mpv;rdw;hb;fbg,training-fold median,10.0,0.25,0.7340868826461765,True,0,,
primary_fbg_complete_case,Continuous_HITS_Core,1,1,neut;lymph;mono;plt;mpv;rdw;hb,complete case,1.0,0.5,0.7146245193646459,True,0,,
primary_fbg_complete_case,Continuous_HITS_Enhanced,1,1,neut;lymph;mono;plt;mpv;rdw;hb;fbg,complete case,1.0,0.5,0.7234860878208602,True,0,,
primary_fbg_complete_case,Continuous_HITS_Core,1,2,neut;lymph;mono;plt;mpv;rdw;hb,complete case,1.0,0.25,0.7286788026711319,True,0,,
primary_fbg_complete_case,Continuous_HITS_Enhanced,1,2,neut;lymph;mono;plt;mpv;rdw;hb;fbg,complete case,10.0,0.5,0.7252394594541703,True,0,,
primary_fbg_complete_case,Continuous_HITS_Core,1,3,neut;lymph;mono;plt;mpv;rdw;hb,complete case,1.0,0.75,0.7351267224083404,True,0,,
primary_fbg_complete_case,Continuous_HITS_Enhanced,1,3,neut;lymph;mono;plt;mpv;rdw;hb;fbg,complete case,1.0,0.5,0.7455157083314476,True,0,,
primary_fbg_complete_case,Continuous_HITS_Core,1,4,neut;lymph;mono;plt;mpv;rdw;hb,complete case,10.0,0.5,0.7179427084288896,True,0,,
primary_fbg_complete_case,Continuous_HITS_Enhanced,1,4,neut;lymph;mono;plt;mpv;rdw;hb;fbg,complete case,0.1,0.5,0.7303504688424348,True,0,,
primary_fbg_complete_case,Continuous_HITS_Core,1,5,neut;lymph;mono;plt;mpv;rdw;hb,complete case,10.0,0.25,0.7402574056882438,True,0,,
primary_fbg_complete_case,Continuous_HITS_Enhanced,1,5,neut;lymph;mono;plt;mpv;rdw;hb;fbg,complete case,10.0,0.75,0.7529831631361296,True,0,,
primary_fbg_complete_case,Continuous_HITS_Core,2,1,neut;lymph;mono;plt;mpv;rdw;hb,complete case,10.0,0.25,0.7323553140300472,True,0,,
primary_fbg_complete_case,Continuous_HITS_Enhanced,2,1,neut;lymph;mono;plt;mpv;rdw;hb;fbg,complete case,1.0,0.25,0.7321896576608311,True,0,,
primary_fbg_complete_case,Continuous_HITS_Core,2,2,neut;lymph;mono;plt;mpv;rdw;hb,complete case,1.0,0.75,0.7284787042507104,True,0,,
primary_fbg_complete_case,Continuous_HITS_Enhanced,2,2,neut;lymph;mono;plt;mpv;rdw;hb;fbg,complete case,10.0,0.75,0.7311972249028944,True,0,,
primary_fbg_complete_case,Continuous_HITS_Core,2,3,neut;lymph;mono;plt;mpv;rdw;hb,complete case,10.0,0.5,0.7272945381966232,True,0,,
primary_fbg_complete_case,Continuous_HITS_Enhanced,2,3,neut;lymph;mono;plt;mpv;rdw;hb;fbg,complete case,0.1,0.5,0.7318051157418448,True,0,,
primary_fbg_complete_case,Continuous_HITS_Core,2,4,neut;lymph;mono;plt;mpv;rdw;hb,complete case,10.0,0.5,0.7208575368475213,True,0,,
primary_fbg_complete_case,Continuous_HITS_Enhanced,2,4,neut;lymph;mono;plt;mpv;rdw;hb;fbg,complete case,10.0,0.25,0.7316048318148294,True,0,,
primary_fbg_complete_case,Continuous_HITS_Core,2,5,neut;lymph;mono;plt;mpv;rdw;hb,complete case,10.0,0.25,0.7360635918642924,True,0,,
primary_fbg_complete_case,Continuous_HITS_Enhanced,2,5,neut;lymph;mono;plt;mpv;rdw;hb;fbg,complete case,10.0,0.25,0.7474668748417588,True,0,,
primary_fbg_complete_case,Continuous_HITS_Core,3,1,neut;lymph;mono;plt;mpv;rdw;hb,complete case,10.0,0.5,0.7092634246637337,True,0,,
primary_fbg_complete_case,Continuous_HITS_Enhanced,3,1,neut;lymph;mono;plt;mpv;rdw;hb;fbg,complete case,10.0,0.5,0.7190941284920596,True,0,,
primary_fbg_complete_case,Continuous_HITS_Core,3,2,neut;lymph;mono;plt;mpv;rdw;hb,complete case,10.0,0.25,0.7324701844017085,True,0,,
primary_fbg_complete_case,Continuous_HITS_Enhanced,3,2,neut;lymph;mono;plt;mpv;rdw;hb;fbg,complete case,1.0,0.75,0.7477212533070119,True,0,,
primary_fbg_complete_case,Continuous_HITS_Core,3,3,neut;lymph;mono;plt;mpv;rdw;hb,complete case,0.1,0.25,0.7406153885670044,True,0,,
primary_fbg_complete_case,Continuous_HITS_Enhanced,3,3,neut;lymph;mono;plt;mpv;rdw;hb;fbg,complete case,1.0,0.25,0.7507091906897706,True,0,,
primary_fbg_complete_case,Continuous_HITS_Core,3,4,neut;lymph;mono;plt;mpv;rdw;hb,complete case,1.0,0.5,0.7260226326198872,True,0,,
primary_fbg_complete_case,Continuous_HITS_Enhanced,3,4,neut;lymph;mono;plt;mpv;rdw;hb;fbg,complete case,10.0,0.25,0.7323763567972674,True,0,,
primary_fbg_complete_case,Continuous_HITS_Core,3,5,neut;lymph;mono;plt;mpv;rdw;hb,complete case,10.0,0.5,0.7243610571918867,True,0,,
primary_fbg_complete_case,Continuous_HITS_Enhanced,3,5,neut;lymph;mono;plt;mpv;rdw;hb;fbg,complete case,10.0,0.25,0.7333517596421639,True,0,,
primary_fbg_complete_case,Continuous_HITS_Core,4,1,neut;lymph;mono;plt;mpv;rdw;hb,complete case,10.0,0.5,0.7276751284174493,True,0,,
primary_fbg_complete_case,Continuous_HITS_Enhanced,4,1,neut;lymph;mono;plt;mpv;rdw;hb;fbg,complete case,0.1,0.25,0.7339062123508252,True,0,,
primary_fbg_complete_case,Continuous_HITS_Core,4,2,neut;lymph;mono;plt;mpv;rdw;hb,complete case,10.0,0.5,0.7232095729148955,True,0,,
primary_fbg_complete_case,Continuous_HITS_Enhanced,4,2,neut;lymph;mono;plt;mpv;rdw;hb;fbg,complete case,0.1,0.25,0.7345140083979447,True,0,,
primary_fbg_complete_case,Continuous_HITS_Core,4,3,neut;lymph;mono;plt;mpv;rdw;hb,complete case,10.0,0.5,0.7326387191809334,True,0,,
primary_fbg_complete_case,Continuous_HITS_Enhanced,4,3,neut;lymph;mono;plt;mpv;rdw;hb;fbg,complete case,1.0,0.25,0.7360899327813797,True,0,,
primary_fbg_complete_case,Continuous_HITS_Core,4,4,neut;lymph;mono;plt;mpv;rdw;hb,complete case,1.0,0.25,0.7243871106756803,True,0,,
primary_fbg_complete_case,Continuous_HITS_Enhanced,4,4,neut;lymph;mono;plt;mpv;rdw;hb;fbg,complete case,1.0,0.25,0.7380612583544219,True,0,,
primary_fbg_complete_case,Continuous_HITS_Core,4,5,neut;lymph;mono;plt;mpv;rdw;hb,complete case,10.0,0.5,0.7249018904548907,True,0,,
primary_fbg_complete_case,Continuous_HITS_Enhanced,4,5,neut;lymph;mono;plt;mpv;rdw;hb;fbg,complete case,1.0,0.25,0.7392107632148986,True,0,,
primary_fbg_complete_case,Continuous_HITS_Core,5,1,neut;lymph;mono;plt;mpv;rdw;hb,complete case,10.0,0.25,0.7377990590534761,True,0,,
primary_fbg_complete_case,Continuous_HITS_Enhanced,5,1,neut;lymph;mono;plt;mpv;rdw;hb;fbg,complete case,10.0,0.25,0.7362533406475934,True,0,,
primary_fbg_complete_case,Continuous_HITS_Core,5,2,neut;lymph;mono;plt;mpv;rdw;hb,complete case,1.0,0.25,0.7160562939125705,True,0,,
primary_fbg_complete_case,Continuous_HITS_Enhanced,5,2,neut;lymph;mono;plt;mpv;rdw;hb;fbg,complete case,10.0,0.25,0.7276875675519204,True,0,,
primary_fbg_complete_case,Continuous_HITS_Core,5,3,neut;lymph;mono;plt;mpv;rdw;hb,complete case,1.0,0.5,0.7286810868484794,True,0,,
primary_fbg_complete_case,Continuous_HITS_Enhanced,5,3,neut;lymph;mono;plt;mpv;rdw;hb;fbg,complete case,0.1,0.75,0.7360182701571262,True,0,,
primary_fbg_complete_case,Continuous_HITS_Core,5,4,neut;lymph;mono;plt;mpv;rdw;hb,complete case,10.0,0.5,0.7284749299050084,True,0,,
primary_fbg_complete_case,Continuous_HITS_Enhanced,5,4,neut;lymph;mono;plt;mpv;rdw;hb;fbg,complete case,10.0,0.25,0.7442989981013095,True,0,,
primary_fbg_complete_case,Continuous_HITS_Core,5,5,neut;lymph;mono;plt;mpv;rdw;hb,complete case,10.0,0.75,0.7254974400090022,True,0,,
primary_fbg_complete_case,Continuous_HITS_Enhanced,5,5,neut;lymph;mono;plt;mpv;rdw;hb;fbg,complete case,10.0,0.25,0.7361074774242552,True,0,,
primary_fbg_complete_case,Continuous_HITS_Core,6,1,neut;lymph;mono;plt;mpv;rdw;hb,complete case,0.1,0.25,0.732721745612973,True,0,,
primary_fbg_complete_case,Continuous_HITS_Enhanced,6,1,neut;lymph;mono;plt;mpv;rdw;hb;fbg,complete case,10.0,0.75,0.7424961196505301,True,0,,
primary_fbg_complete_case,Continuous_HITS_Core,6,2,neut;lymph;mono;plt;mpv;rdw;hb,complete case,1.0,0.25,0.7176913439361563,True,0,,
primary_fbg_complete_case,Continuous_HITS_Enhanced,6,2,neut;lymph;mono;plt;mpv;rdw;hb;fbg,complete case,1.0,0.25,0.7337848869612512,True,0,,
primary_fbg_complete_case,Continuous_HITS_Core,6,3,neut;lymph;mono;plt;mpv;rdw;hb,complete case,10.0,0.25,0.7298465391604421,True,0,,
primary_fbg_complete_case,Continuous_HITS_Enhanced,6,3,neut;lymph;mono;plt;mpv;rdw;hb;fbg,complete case,10.0,0.25,0.7400311997628777,True,0,,
primary_fbg_complete_case,Continuous_HITS_Core,6,4,neut;lymph;mono;plt;mpv;rdw;hb,complete case,1.0,0.5,0.7308289209264892,True,0,,
primary_fbg_complete_case,Continuous_HITS_Enhanced,6,4,neut;lymph;mono;plt;mpv;rdw;hb;fbg,complete case,1.0,0.5,0.7371307858181637,True,0,,
primary_fbg_complete_case,Continuous_HITS_Core,6,5,neut;lymph;mono;plt;mpv;rdw;hb,complete case,1.0,0.25,0.717398795960278,True,0,,
primary_fbg_complete_case,Continuous_HITS_Enhanced,6,5,neut;lymph;mono;plt;mpv;rdw;hb;fbg,complete case,0.1,0.25,0.7320927926407291,True,0,,
primary_fbg_complete_case,Continuous_HITS_Core,7,1,neut;lymph;mono;plt;mpv;rdw;hb,complete case,10.0,0.25,0.7158112947422539,True,0,,
primary_fbg_complete_case,Continuous_HITS_Enhanced,7,1,neut;lymph;mono;plt;mpv;rdw;hb;fbg,complete case,1.0,0.25,0.7256511709543153,True,0,,
primary_fbg_complete_case,Continuous_HITS_Core,7,2,neut;lymph;mono;plt;mpv;rdw;hb,complete case,10.0,0.75,0.737835300110937,True,0,,
primary_fbg_complete_case,Continuous_HITS_Enhanced,7,2,neut;lymph;mono;plt;mpv;rdw;hb;fbg,complete case,10.0,0.75,0.7445602250215371,True,0,,
primary_fbg_complete_case,Continuous_HITS_Core,7,3,neut;lymph;mono;plt;mpv;rdw;hb,complete case,10.0,0.75,0.7360799602730493,True,0,,
primary_fbg_complete_case,Continuous_HITS_Enhanced,7,3,neut;lymph;mono;plt;mpv;rdw;hb;fbg,complete case,10.0,0.25,0.7496654837053861,True,0,,
primary_fbg_complete_case,Continuous_HITS_Core,7,4,neut;lymph;mono;plt;mpv;rdw;hb,complete case,10.0,0.25,0.7151893859242489,True,0,,
primary_fbg_complete_case,Continuous_HITS_Enhanced,7,4,neut;lymph;mono;plt;mpv;rdw;hb;fbg,complete case,0.1,0.25,0.7231079988812525,True,0,,
primary_fbg_complete_case,Continuous_HITS_Core,7,5,neut;lymph;mono;plt;mpv;rdw;hb,complete case,1.0,0.25,0.7322795875882634,True,0,,
primary_fbg_complete_case,Continuous_HITS_Enhanced,7,5,neut;lymph;mono;plt;mpv;rdw;hb;fbg,complete case,10.0,0.5,0.7386034686471431,True,0,,
primary_fbg_complete_case,Continuous_HITS_Core,8,1,neut;lymph;mono;plt;mpv;rdw;hb,complete case,1.0,0.75,0.7277913564527553,True,0,,
primary_fbg_complete_case,Continuous_HITS_Enhanced,8,1,neut;lymph;mono;plt;mpv;rdw;hb;fbg,complete case,0.1,0.25,0.7381354018745543,True,0,,
primary_fbg_complete_case,Continuous_HITS_Core,8,2,neut;lymph;mono;plt;mpv;rdw;hb,complete case,1.0,0.5,0.7344605366318445,True,0,,
primary_fbg_complete_case,Continuous_HITS_Enhanced,8,2,neut;lymph;mono;plt;mpv;rdw;hb;fbg,complete case,1.0,0.5,0.7431716704522243,True,0,,
primary_fbg_complete_case,Continuous_HITS_Core,8,3,neut;lymph;mono;plt;mpv;rdw;hb,complete case,1.0,0.75,0.7233670985912507,True,0,,
primary_fbg_complete_case,Continuous_HITS_Enhanced,8,3,neut;lymph;mono;plt;mpv;rdw;hb;fbg,complete case,0.1,0.75,0.732100066130043,True,0,,
primary_fbg_complete_case,Continuous_HITS_Core,8,4,neut;lymph;mono;plt;mpv;rdw;hb,complete case,1.0,0.5,0.7330472148936925,True,0,,
primary_fbg_complete_case,Continuous_HITS_Enhanced,8,4,neut;lymph;mono;plt;mpv;rdw;hb;fbg,complete case,1.0,0.25,0.7396830059243875,True,0,,
primary_fbg_complete_case,Continuous_HITS_Core,8,5,neut;lymph;mono;plt;mpv;rdw;hb,complete case,10.0,0.75,0.7178593130221959,True,0,,
primary_fbg_complete_case,Continuous_HITS_Enhanced,8,5,neut;lymph;mono;plt;mpv;rdw;hb;fbg,complete case,10.0,0.5,0.7302036740090583,True,0,,
primary_fbg_complete_case,Continuous_HITS_Core,9,1,neut;lymph;mono;plt;mpv;rdw;hb,complete case,10.0,0.25,0.7332852412584604,True,0,,
primary_fbg_complete_case,Continuous_HITS_Enhanced,9,1,neut;lymph;mono;plt;mpv;rdw;hb;fbg,complete case,10.0,0.25,0.7374868504364297,True,0,,
primary_fbg_complete_case,Continuous_HITS_Core,9,2,neut;lymph;mono;plt;mpv;rdw;hb,complete case,0.1,0.5,0.7159189986476365,True,0,,
primary_fbg_complete_case,Continuous_HITS_Enhanced,9,2,neut;lymph;mono;plt;mpv;rdw;hb;fbg,complete case,0.1,0.75,0.7336985479114607,True,0,,
primary_fbg_complete_case,Continuous_HITS_Core,9,3,neut;lymph;mono;plt;mpv;rdw;hb,complete case,10.0,0.25,0.7342705309932593,True,0,,
primary_fbg_complete_case,Continuous_HITS_Enhanced,9,3,neut;lymph;mono;plt;mpv;rdw;hb;fbg,complete case,10.0,0.25,0.7386638724481122,True,0,,
primary_fbg_complete_case,Continuous_HITS_Core,9,4,neut;lymph;mono;plt;mpv;rdw;hb,complete case,10.0,0.75,0.7329001040875461,True,0,,
primary_fbg_complete_case,Continuous_HITS_Enhanced,9,4,neut;lymph;mono;plt;mpv;rdw;hb;fbg,complete case,10.0,0.5,0.7406239585639426,True,0,,
primary_fbg_complete_case,Continuous_HITS_Core,9,5,neut;lymph;mono;plt;mpv;rdw;hb,complete case,10.0,0.75,0.7205786001631644,True,0,,
primary_fbg_complete_case,Continuous_HITS_Enhanced,9,5,neut;lymph;mono;plt;mpv;rdw;hb;fbg,complete case,10.0,0.25,0.7257651841224295,True,0,,
primary_fbg_complete_case,Continuous_HITS_Core,10,1,neut;lymph;mono;plt;mpv;rdw;hb,complete case,1.0,0.25,0.7182399858036492,True,0,,
primary_fbg_complete_case,Continuous_HITS_Enhanced,10,1,neut;lymph;mono;plt;mpv;rdw;hb;fbg,complete case,10.0,0.5,0.7250485242440812,True,0,,
primary_fbg_complete_case,Continuous_HITS_Core,10,2,neut;lymph;mono;plt;mpv;rdw;hb,complete case,10.0,0.25,0.7352321665987834,True,0,,
primary_fbg_complete_case,Continuous_HITS_Enhanced,10,2,neut;lymph;mono;plt;mpv;rdw;hb;fbg,complete case,1.0,0.5,0.7415748510952839,True,0,,
primary_fbg_complete_case,Continuous_HITS_Core,10,3,neut;lymph;mono;plt;mpv;rdw;hb,complete case,1.0,0.25,0.7335972541762427,True,0,,
primary_fbg_complete_case,Continuous_HITS_Enhanced,10,3,neut;lymph;mono;plt;mpv;rdw;hb;fbg,complete case,10.0,0.25,0.7348069814081623,True,0,,
primary_fbg_complete_case,Continuous_HITS_Core,10,4,neut;lymph;mono;plt;mpv;rdw;hb,complete case,10.0,0.5,0.724055010043857,True,0,,
primary_fbg_complete_case,Continuous_HITS_Enhanced,10,4,neut;lymph;mono;plt;mpv;rdw;hb;fbg,complete case,10.0,0.25,0.7287145300180248,True,0,,
primary_fbg_complete_case,Continuous_HITS_Core,10,5,neut;lymph;mono;plt;mpv;rdw;hb,complete case,10.0,0.25,0.7339205136861058,True,0,,
primary_fbg_complete_case,Continuous_HITS_Enhanced,10,5,neut;lymph;mono;plt;mpv;rdw;hb;fbg,complete case,10.0,0.5,0.7394123976706896,True,0,,
primary_clinical,Clinical,1,1,age;male;hypertension;diabetes,training-fold median,0.1,0.75,0.5642709191534125,True,0,,
primary_clinical,Clinical_Plus_PIV,1,1,age;male;hypertension;diabetes;PIV,training-fold median,0.1,0.75,0.719549762239924,True,0,,
primary_clinical,Clinical_Plus_Core,1,1,age;male;hypertension;diabetes;neut;lymph;mono;plt;mpv;rdw;hb,training-fold median,0.1,0.25,0.7326601309027397,True,0,,
primary_clinical,Clinical_Plus_Enhanced,1,1,age;male;hypertension;diabetes;neut;lymph;mono;plt;mpv;rdw;hb;fbg,training-fold median,0.1,0.5,0.7452868752242441,True,0,,
primary_clinical,Clinical,1,2,age;male;hypertension;diabetes,training-fold median,0.1,0.25,0.5634351076980424,True,0,,
primary_clinical,Clinical_Plus_PIV,1,2,age;male;hypertension;diabetes;PIV,training-fold median,0.1,0.75,0.7151493325967511,True,0,,
primary_clinical,Clinical_Plus_Core,1,2,age;male;hypertension;diabetes;neut;lymph;mono;plt;mpv;rdw;hb,training-fold median,0.1,0.25,0.7310750111249283,True,0,,
primary_clinical,Clinical_Plus_Enhanced,1,2,age;male;hypertension;diabetes;neut;lymph;mono;plt;mpv;rdw;hb;fbg,training-fold median,0.1,0.75,0.7340381108580385,True,0,,
primary_clinical,Clinical,1,3,age;male;hypertension;diabetes,training-fold median,0.1,0.75,0.5582272735040135,True,0,,
primary_clinical,Clinical_Plus_PIV,1,3,age;male;hypertension;diabetes;PIV,training-fold median,0.1,0.25,0.7046896124252842,True,0,,
primary_clinical,Clinical_Plus_Core,1,3,age;male;hypertension;diabetes;neut;lymph;mono;plt;mpv;rdw;hb,training-fold median,1.0,0.25,0.7263309568484129,True,0,,
primary_clinical,Clinical_Plus_Enhanced,1,3,age;male;hypertension;diabetes;neut;lymph;mono;plt;mpv;rdw;hb;fbg,training-fold median,0.1,0.25,0.735861070414819,True,0,,
primary_clinical,Clinical,1,4,age;male;hypertension;diabetes,training-fold median,0.1,0.5,0.5702020904854714,True,0,,
primary_clinical,Clinical_Plus_PIV,1,4,age;male;hypertension;diabetes;PIV,training-fold median,0.1,0.75,0.7156762021282965,True,0,,
primary_clinical,Clinical_Plus_Core,1,4,age;male;hypertension;diabetes;neut;lymph;mono;plt;mpv;rdw;hb,training-fold median,10.0,0.75,0.7377711085593436,True,0,,
primary_clinical,Clinical_Plus_Enhanced,1,4,age;male;hypertension;diabetes;neut;lymph;mono;plt;mpv;rdw;hb;fbg,training-fold median,0.1,0.75,0.7439536404674364,True,0,,
primary_clinical,Clinical,1,5,age;male;hypertension;diabetes,training-fold median,0.1,0.75,0.5570647105156221,True,0,,
primary_clinical,Clinical_Plus_PIV,1,5,age;male;hypertension;diabetes;PIV,training-fold median,1.0,0.75,0.7030984224759068,True,0,,
primary_clinical,Clinical_Plus_Core,1,5,age;male;hypertension;diabetes;neut;lymph;mono;plt;mpv;rdw;hb,training-fold median,10.0,0.25,0.7250111105818839,True,0,,
primary_clinical,Clinical_Plus_Enhanced,1,5,age;male;hypertension;diabetes;neut;lymph;mono;plt;mpv;rdw;hb;fbg,training-fold median,0.1,0.25,0.7277950095410727,True,0,,
primary_clinical,Clinical,2,1,age;male;hypertension;diabetes,training-fold median,0.1,0.75,0.544397675589755,True,0,,
primary_clinical,Clinical_Plus_PIV,2,1,age;male;hypertension;diabetes;PIV,training-fold median,0.1,0.5,0.7134449677416927,True,0,,
primary_clinical,Clinical_Plus_Core,2,1,age;male;hypertension;diabetes;neut;lymph;mono;plt;mpv;rdw;hb,training-fold median,0.1,0.25,0.7203284259311863,True,0,,
primary_clinical,Clinical_Plus_Enhanced,2,1,age;male;hypertension;diabetes;neut;lymph;mono;plt;mpv;rdw;hb;fbg,training-fold median,10.0,0.5,0.7331182822026586,True,0,,
primary_clinical,Clinical,2,2,age;male;hypertension;diabetes,training-fold median,0.1,0.75,0.5536236070885066,True,0,,
primary_clinical,Clinical_Plus_PIV,2,2,age;male;hypertension;diabetes;PIV,training-fold median,0.1,0.25,0.7113772788887404,True,0,,
primary_clinical,Clinical_Plus_Core,2,2,age;male;hypertension;diabetes;neut;lymph;mono;plt;mpv;rdw;hb,training-fold median,10.0,0.5,0.7316054194644769,True,0,,
primary_clinical,Clinical_Plus_Enhanced,2,2,age;male;hypertension;diabetes;neut;lymph;mono;plt;mpv;rdw;hb;fbg,training-fold median,0.1,0.25,0.7382327157762674,True,0,,
primary_clinical,Clinical,2,3,age;male;hypertension;diabetes,training-fold median,0.1,0.75,0.5491778440395665,True,0,,
primary_clinical,Clinical_Plus_PIV,2,3,age;male;hypertension;diabetes;PIV,training-fold median,0.1,0.75,0.7120299944902992,True,0,,
primary_clinical,Clinical_Plus_Core,2,3,age;male;hypertension;diabetes;neut;lymph;mono;plt;mpv;rdw;hb,training-fold median,0.1,0.5,0.7316078679370414,True,0,,
primary_clinical,Clinical_Plus_Enhanced,2,3,age;male;hypertension;diabetes;neut;lymph;mono;plt;mpv;rdw;hb;fbg,training-fold median,0.1,0.75,0.7315387320623082,True,0,,
primary_clinical,Clinical,2,4,age;male;hypertension;diabetes,training-fold median,0.1,0.75,0.5622580850126253,True,0,,
primary_clinical,Clinical_Plus_PIV,2,4,age;male;hypertension;diabetes;PIV,training-fold median,0.1,0.75,0.712471900748614,True,0,,
primary_clinical,Clinical_Plus_Core,2,4,age;male;hypertension;diabetes;neut;lymph;mono;plt;mpv;rdw;hb,training-fold median,0.1,0.25,0.7284582315766628,True,0,,
primary_clinical,Clinical_Plus_Enhanced,2,4,age;male;hypertension;diabetes;neut;lymph;mono;plt;mpv;rdw;hb;fbg,training-fold median,0.1,0.75,0.7430113897970234,True,0,,
primary_clinical,Clinical,2,5,age;male;hypertension;diabetes,training-fold median,0.1,0.75,0.5564411326940142,True,0,,
primary_clinical,Clinical_Plus_PIV,2,5,age;male;hypertension;diabetes;PIV,training-fold median,0.1,0.5,0.7121141718931036,True,0,,
primary_clinical,Clinical_Plus_Core,2,5,age;male;hypertension;diabetes;neut;lymph;mono;plt;mpv;rdw;hb,training-fold median,1.0,0.25,0.7316706658385218,True,0,,
primary_clinical,Clinical_Plus_Enhanced,2,5,age;male;hypertension;diabetes;neut;lymph;mono;plt;mpv;rdw;hb;fbg,training-fold median,0.1,0.5,0.7399288999274194,True,0,,
primary_clinical,Clinical,3,1,age;male;hypertension;diabetes,training-fold median,0.1,0.25,0.5498089450162966,True,0,,
primary_clinical,Clinical_Plus_PIV,3,1,age;male;hypertension;diabetes;PIV,training-fold median,0.1,0.75,0.7059361814552816,True,0,,
primary_clinical,Clinical_Plus_Core,3,1,age;male;hypertension;diabetes;neut;lymph;mono;plt;mpv;rdw;hb,training-fold median,0.1,0.25,0.7265315945097338,True,0,,
primary_clinical,Clinical_Plus_Enhanced,3,1,age;male;hypertension;diabetes;neut;lymph;mono;plt;mpv;rdw;hb;fbg,training-fold median,1.0,0.25,0.7346054678600675,True,0,,
primary_clinical,Clinical,3,2,age;male;hypertension;diabetes,training-fold median,0.1,0.75,0.5668309956796574,True,0,,
primary_clinical,Clinical_Plus_PIV,3,2,age;male;hypertension;diabetes;PIV,training-fold median,0.1,0.25,0.7185119239019828,True,0,,
primary_clinical,Clinical_Plus_Core,3,2,age;male;hypertension;diabetes;neut;lymph;mono;plt;mpv;rdw;hb,training-fold median,1.0,0.25,0.7311407245578674,True,0,,
primary_clinical,Clinical_Plus_Enhanced,3,2,age;male;hypertension;diabetes;neut;lymph;mono;plt;mpv;rdw;hb;fbg,training-fold median,1.0,0.5,0.7449313557326489,True,0,,
primary_clinical,Clinical,3,3,age;male;hypertension;diabetes,training-fold median,0.1,0.75,0.5570070311332851,True,0,,
primary_clinical,Clinical_Plus_PIV,3,3,age;male;hypertension;diabetes;PIV,training-fold median,0.1,0.25,0.7126607391951424,True,0,,
primary_clinical,Clinical_Plus_Core,3,3,age;male;hypertension;diabetes;neut;lymph;mono;plt;mpv;rdw;hb,training-fold median,10.0,0.25,0.7316995868266309,True,0,,
primary_clinical,Clinical_Plus_Enhanced,3,3,age;male;hypertension;diabetes;neut;lymph;mono;plt;mpv;rdw;hb;fbg,training-fold median,10.0,0.25,0.7348734401109669,True,0,,
primary_clinical,Clinical,3,4,age;male;hypertension;diabetes,training-fold median,0.1,0.75,0.5456897039560749,True,0,,
primary_clinical,Clinical_Plus_PIV,3,4,age;male;hypertension;diabetes;PIV,training-fold median,0.1,0.75,0.718498414263322,True,0,,
primary_clinical,Clinical_Plus_Core,3,4,age;male;hypertension;diabetes;neut;lymph;mono;plt;mpv;rdw;hb,training-fold median,10.0,0.25,0.7345213669720307,True,0,,
primary_clinical,Clinical_Plus_Enhanced,3,4,age;male;hypertension;diabetes;neut;lymph;mono;plt;mpv;rdw;hb;fbg,training-fold median,1.0,0.75,0.7367170283679139,True,0,,
primary_clinical,Clinical,3,5,age;male;hypertension;diabetes,training-fold median,0.1,0.5,0.5563881972272706,True,0,,
primary_clinical,Clinical_Plus_PIV,3,5,age;male;hypertension;diabetes;PIV,training-fold median,10.0,0.25,0.7168321059408169,True,0,,
primary_clinical,Clinical_Plus_Core,3,5,age;male;hypertension;diabetes;neut;lymph;mono;plt;mpv;rdw;hb,training-fold median,10.0,0.25,0.726355691841109,True,0,,
primary_clinical,Clinical_Plus_Enhanced,3,5,age;male;hypertension;diabetes;neut;lymph;mono;plt;mpv;rdw;hb;fbg,training-fold median,10.0,0.75,0.7436627727663793,True,0,,
primary_clinical,Clinical,4,1,age;male;hypertension;diabetes,training-fold median,0.1,0.75,0.5561638097008865,True,0,,
primary_clinical,Clinical_Plus_PIV,4,1,age;male;hypertension;diabetes;PIV,training-fold median,10.0,0.25,0.7099623725877683,True,0,,
primary_clinical,Clinical_Plus_Core,4,1,age;male;hypertension;diabetes;neut;lymph;mono;plt;mpv;rdw;hb,training-fold median,1.0,0.5,0.7257098163409654,True,0,,
primary_clinical,Clinical_Plus_Enhanced,4,1,age;male;hypertension;diabetes;neut;lymph;mono;plt;mpv;rdw;hb;fbg,training-fold median,0.1,0.25,0.7358799711564832,True,0,,
primary_clinical,Clinical,4,2,age;male;hypertension;diabetes,training-fold median,0.1,0.5,0.5716836754212952,True,0,,
primary_clinical,Clinical_Plus_PIV,4,2,age;male;hypertension;diabetes;PIV,training-fold median,0.1,0.5,0.7102020455330456,True,0,,
primary_clinical,Clinical_Plus_Core,4,2,age;male;hypertension;diabetes;neut;lymph;mono;plt;mpv;rdw;hb,training-fold median,10.0,0.75,0.725821306327701,True,0,,
primary_clinical,Clinical_Plus_Enhanced,4,2,age;male;hypertension;diabetes;neut;lymph;mono;plt;mpv;rdw;hb;fbg,training-fold median,1.0,0.5,0.7315150842169353,True,0,,
primary_clinical,Clinical,4,3,age;male;hypertension;diabetes,training-fold median,0.1,0.75,0.560791845272857,True,0,,
primary_clinical,Clinical_Plus_PIV,4,3,age;male;hypertension;diabetes;PIV,training-fold median,1.0,0.5,0.721355128182321,True,0,,
primary_clinical,Clinical_Plus_Core,4,3,age;male;hypertension;diabetes;neut;lymph;mono;plt;mpv;rdw;hb,training-fold median,0.1,0.25,0.7341627932659607,True,0,,
primary_clinical,Clinical_Plus_Enhanced,4,3,age;male;hypertension;diabetes;neut;lymph;mono;plt;mpv;rdw;hb;fbg,training-fold median,10.0,0.75,0.7451213705937297,True,0,,
primary_clinical,Clinical,4,4,age;male;hypertension;diabetes,training-fold median,0.1,0.75,0.5531591002807008,True,0,,
primary_clinical,Clinical_Plus_PIV,4,4,age;male;hypertension;diabetes;PIV,training-fold median,10.0,0.5,0.7091797365048194,True,0,,
primary_clinical,Clinical_Plus_Core,4,4,age;male;hypertension;diabetes;neut;lymph;mono;plt;mpv;rdw;hb,training-fold median,10.0,0.75,0.7303745949419785,True,0,,
primary_clinical,Clinical_Plus_Enhanced,4,4,age;male;hypertension;diabetes;neut;lymph;mono;plt;mpv;rdw;hb;fbg,training-fold median,0.1,0.25,0.7378826160807134,True,0,,
primary_clinical,Clinical,4,5,age;male;hypertension;diabetes,training-fold median,0.1,0.75,0.5527872106139755,True,0,,
primary_clinical,Clinical_Plus_PIV,4,5,age;male;hypertension;diabetes;PIV,training-fold median,0.1,0.75,0.7172023593073551,True,0,,
primary_clinical,Clinical_Plus_Core,4,5,age;male;hypertension;diabetes;neut;lymph;mono;plt;mpv;rdw;hb,training-fold median,1.0,0.75,0.7305037152064238,True,0,,
primary_clinical,Clinical_Plus_Enhanced,4,5,age;male;hypertension;diabetes;neut;lymph;mono;plt;mpv;rdw;hb;fbg,training-fold median,0.1,0.25,0.7375424983742206,True,0,,
primary_clinical,Clinical,5,1,age;male;hypertension;diabetes,training-fold median,0.1,0.75,0.5446030061568246,True,0,,
primary_clinical,Clinical_Plus_PIV,5,1,age;male;hypertension;diabetes;PIV,training-fold median,0.1,0.5,0.7077420574961295,True,0,,
primary_clinical,Clinical_Plus_Core,5,1,age;male;hypertension;diabetes;neut;lymph;mono;plt;mpv;rdw;hb,training-fold median,0.1,0.25,0.7177670398865745,True,0,,
primary_clinical,Clinical_Plus_Enhanced,5,1,age;male;hypertension;diabetes;neut;lymph;mono;plt;mpv;rdw;hb;fbg,training-fold median,0.1,0.5,0.7343441794929327,True,0,,
primary_clinical,Clinical,5,2,age;male;hypertension;diabetes,training-fold median,0.1,0.5,0.5483108320936347,True,0,,
primary_clinical,Clinical_Plus_PIV,5,2,age;male;hypertension;diabetes;PIV,training-fold median,0.1,0.75,0.6966516802929904,True,0,,
primary_clinical,Clinical_Plus_Core,5,2,age;male;hypertension;diabetes;neut;lymph;mono;plt;mpv;rdw;hb,training-fold median,10.0,0.25,0.7180530265830793,True,0,,
primary_clinical,Clinical_Plus_Enhanced,5,2,age;male;hypertension;diabetes;neut;lymph;mono;plt;mpv;rdw;hb;fbg,training-fold median,1.0,0.5,0.730570503034225,True,0,,
primary_clinical,Clinical,5,3,age;male;hypertension;diabetes,training-fold median,0.1,0.75,0.557134539805437,True,0,,
primary_clinical,Clinical_Plus_PIV,5,3,age;male;hypertension;diabetes;PIV,training-fold median,1.0,0.25,0.7208966883579657,True,0,,
primary_clinical,Clinical_Plus_Core,5,3,age;male;hypertension;diabetes;neut;lymph;mono;plt;mpv;rdw;hb,training-fold median,0.1,0.5,0.7255663925971453,True,0,,
primary_clinical,Clinical_Plus_Enhanced,5,3,age;male;hypertension;diabetes;neut;lymph;mono;plt;mpv;rdw;hb;fbg,training-fold median,0.1,0.75,0.740530057328052,True,0,,
primary_clinical,Clinical,5,4,age;male;hypertension;diabetes,training-fold median,0.1,0.75,0.569767846862324,True,0,,
primary_clinical,Clinical_Plus_PIV,5,4,age;male;hypertension;diabetes;PIV,training-fold median,1.0,0.5,0.7246161509156872,True,0,,
primary_clinical,Clinical_Plus_Core,5,4,age;male;hypertension;diabetes;neut;lymph;mono;plt;mpv;rdw;hb,training-fold median,0.1,0.5,0.7361490799704933,True,0,,
primary_clinical,Clinical_Plus_Enhanced,5,4,age;male;hypertension;diabetes;neut;lymph;mono;plt;mpv;rdw;hb;fbg,training-fold median,0.1,0.5,0.7498047024318371,True,0,,
primary_clinical,Clinical,5,5,age;male;hypertension;diabetes,training-fold median,0.1,0.75,0.5633112255070649,True,0,,
primary_clinical,Clinical_Plus_PIV,5,5,age;male;hypertension;diabetes;PIV,training-fold median,0.1,0.25,0.7141873411162879,True,0,,
primary_clinical,Clinical_Plus_Core,5,5,age;male;hypertension;diabetes;neut;lymph;mono;plt;mpv;rdw;hb,training-fold median,10.0,0.75,0.7377415276313636,True,0,,
primary_clinical,Clinical_Plus_Enhanced,5,5,age;male;hypertension;diabetes;neut;lymph;mono;plt;mpv;rdw;hb;fbg,training-fold median,0.1,0.25,0.7451679776515666,True,0,,
primary_clinical,Clinical,6,1,age;male;hypertension;diabetes,training-fold median,1.0,0.25,0.5516011193345357,True,0,,
primary_clinical,Clinical_Plus_PIV,6,1,age;male;hypertension;diabetes;PIV,training-fold median,1.0,0.25,0.7049588981796945,True,0,,
primary_clinical,Clinical_Plus_Core,6,1,age;male;hypertension;diabetes;neut;lymph;mono;plt;mpv;rdw;hb,training-fold median,1.0,0.5,0.7190238411726857,True,0,,
primary_clinical,Clinical_Plus_Enhanced,6,1,age;male;hypertension;diabetes;neut;lymph;mono;plt;mpv;rdw;hb;fbg,training-fold median,0.1,0.25,0.7315900750654505,True,0,,
primary_clinical,Clinical,6,2,age;male;hypertension;diabetes,training-fold median,0.1,0.75,0.5682217137497101,True,0,,
primary_clinical,Clinical_Plus_PIV,6,2,age;male;hypertension;diabetes;PIV,training-fold median,0.1,0.75,0.7108364087487751,True,0,,
primary_clinical,Clinical_Plus_Core,6,2,age;male;hypertension;diabetes;neut;lymph;mono;plt;mpv;rdw;hb,training-fold median,0.1,0.25,0.7248246233704028,True,0,,
primary_clinical,Clinical_Plus_Enhanced,6,2,age;male;hypertension;diabetes;neut;lymph;mono;plt;mpv;rdw;hb;fbg,training-fold median,1.0,0.5,0.742471142933603,True,0,,
primary_clinical,Clinical,6,3,age;male;hypertension;diabetes,training-fold median,1.0,0.75,0.5517502657453524,True,0,,
primary_clinical,Clinical_Plus_PIV,6,3,age;male;hypertension;diabetes;PIV,training-fold median,0.1,0.75,0.709882543774258,True,0,,
primary_clinical,Clinical_Plus_Core,6,3,age;male;hypertension;diabetes;neut;lymph;mono;plt;mpv;rdw;hb,training-fold median,0.1,0.25,0.7256845138637427,True,0,,
primary_clinical,Clinical_Plus_Enhanced,6,3,age;male;hypertension;diabetes;neut;lymph;mono;plt;mpv;rdw;hb;fbg,training-fold median,0.1,0.25,0.7317170784213243,True,0,,
primary_clinical,Clinical,6,4,age;male;hypertension;diabetes,training-fold median,0.1,0.75,0.5571135636007007,True,0,,
primary_clinical,Clinical_Plus_PIV,6,4,age;male;hypertension;diabetes;PIV,training-fold median,10.0,0.25,0.7194951562007535,True,0,,
primary_clinical,Clinical_Plus_Core,6,4,age;male;hypertension;diabetes;neut;lymph;mono;plt;mpv;rdw;hb,training-fold median,10.0,0.5,0.7291107240101492,True,0,,
primary_clinical,Clinical_Plus_Enhanced,6,4,age;male;hypertension;diabetes;neut;lymph;mono;plt;mpv;rdw;hb;fbg,training-fold median,0.1,0.25,0.7393063215799636,True,0,,
primary_clinical,Clinical,6,5,age;male;hypertension;diabetes,training-fold median,10.0,0.5,0.5480007567948143,True,0,,
primary_clinical,Clinical_Plus_PIV,6,5,age;male;hypertension;diabetes;PIV,training-fold median,0.1,0.75,0.717188986757653,True,0,,
primary_clinical,Clinical_Plus_Core,6,5,age;male;hypertension;diabetes;neut;lymph;mono;plt;mpv;rdw;hb,training-fold median,1.0,0.5,0.7358856906353639,True,0,,
primary_clinical,Clinical_Plus_Enhanced,6,5,age;male;hypertension;diabetes;neut;lymph;mono;plt;mpv;rdw;hb;fbg,training-fold median,0.1,0.25,0.7447685785347893,True,0,,
primary_clinical,Clinical,7,1,age;male;hypertension;diabetes,training-fold median,10.0,0.25,0.5437858164830282,True,0,,
primary_clinical,Clinical_Plus_PIV,7,1,age;male;hypertension;diabetes;PIV,training-fold median,1.0,0.25,0.7107397881318837,True,0,,
primary_clinical,Clinical_Plus_Core,7,1,age;male;hypertension;diabetes;neut;lymph;mono;plt;mpv;rdw;hb,training-fold median,10.0,0.5,0.7245028150101825,True,0,,
primary_clinical,Clinical_Plus_Enhanced,7,1,age;male;hypertension;diabetes;neut;lymph;mono;plt;mpv;rdw;hb;fbg,training-fold median,10.0,0.5,0.7297438964648073,True,0,,
primary_clinical,Clinical,7,2,age;male;hypertension;diabetes,training-fold median,0.1,0.5,0.5514694708946432,True,0,,
primary_clinical,Clinical_Plus_PIV,7,2,age;male;hypertension;diabetes;PIV,training-fold median,1.0,0.25,0.7114649424956451,True,0,,
primary_clinical,Clinical_Plus_Core,7,2,age;male;hypertension;diabetes;neut;lymph;mono;plt;mpv;rdw;hb,training-fold median,0.1,0.5,0.7254076515532785,True,0,,
primary_clinical,Clinical_Plus_Enhanced,7,2,age;male;hypertension;diabetes;neut;lymph;mono;plt;mpv;rdw;hb;fbg,training-fold median,0.1,0.5,0.7360766778716167,True,0,,
primary_clinical,Clinical,7,3,age;male;hypertension;diabetes,training-fold median,0.1,0.5,0.5661474852752112,True,0,,
primary_clinical,Clinical_Plus_PIV,7,3,age;male;hypertension;diabetes;PIV,training-fold median,10.0,0.75,0.7151913934021443,True,0,,
primary_clinical,Clinical_Plus_Core,7,3,age;male;hypertension;diabetes;neut;lymph;mono;plt;mpv;rdw;hb,training-fold median,1.0,0.25,0.7393285554961928,True,0,,
primary_clinical,Clinical_Plus_Enhanced,7,3,age;male;hypertension;diabetes;neut;lymph;mono;plt;mpv;rdw;hb;fbg,training-fold median,0.1,0.75,0.7432756749925573,True,0,,
primary_clinical,Clinical,7,4,age;male;hypertension;diabetes,training-fold median,0.1,0.5,0.5626095747264581,True,0,,
primary_clinical,Clinical_Plus_PIV,7,4,age;male;hypertension;diabetes;PIV,training-fold median,1.0,0.25,0.7321676388186706,True,0,,
primary_clinical,Clinical_Plus_Core,7,4,age;male;hypertension;diabetes;neut;lymph;mono;plt;mpv;rdw;hb,training-fold median,0.1,0.5,0.7392154013132612,True,0,,
primary_clinical,Clinical_Plus_Enhanced,7,4,age;male;hypertension;diabetes;neut;lymph;mono;plt;mpv;rdw;hb;fbg,training-fold median,0.1,0.25,0.7492952687029669,True,0,,
primary_clinical,Clinical,7,5,age;male;hypertension;diabetes,training-fold median,0.1,0.5,0.5549589412192513,True,0,,
primary_clinical,Clinical_Plus_PIV,7,5,age;male;hypertension;diabetes;PIV,training-fold median,0.1,0.75,0.7027986583390543,True,0,,
primary_clinical,Clinical_Plus_Core,7,5,age;male;hypertension;diabetes;neut;lymph;mono;plt;mpv;rdw;hb,training-fold median,0.1,0.5,0.7167061817619783,True,0,,
primary_clinical,Clinical_Plus_Enhanced,7,5,age;male;hypertension;diabetes;neut;lymph;mono;plt;mpv;rdw;hb;fbg,training-fold median,0.1,0.5,0.7295335175171315,True,0,,
primary_clinical,Clinical,8,1,age;male;hypertension;diabetes,training-fold median,0.1,0.75,0.5519791373559314,True,0,,
primary_clinical,Clinical_Plus_PIV,8,1,age;male;hypertension;diabetes;PIV,training-fold median,1.0,0.75,0.7200610673924859,True,0,,
primary_clinical,Clinical_Plus_Core,8,1,age;male;hypertension;diabetes;neut;lymph;mono;plt;mpv;rdw;hb,training-fold median,0.1,0.25,0.7433582854366828,True,0,,
primary_clinical,Clinical_Plus_Enhanced,8,1,age;male;hypertension;diabetes;neut;lymph;mono;plt;mpv;rdw;hb;fbg,training-fold median,0.1,0.5,0.7446581039627826,True,0,,
primary_clinical,Clinical,8,2,age;male;hypertension;diabetes,training-fold median,0.1,0.25,0.5671932644113811,True,0,,
primary_clinical,Clinical_Plus_PIV,8,2,age;male;hypertension;diabetes;PIV,training-fold median,0.1,0.5,0.7185764003461783,True,0,,
primary_clinical,Clinical_Plus_Core,8,2,age;male;hypertension;diabetes;neut;lymph;mono;plt;mpv;rdw;hb,training-fold median,0.1,0.5,0.7309670902332916,True,0,,
primary_clinical,Clinical_Plus_Enhanced,8,2,age;male;hypertension;diabetes;neut;lymph;mono;plt;mpv;rdw;hb;fbg,training-fold median,0.1,0.5,0.7370414653292141,True,0,,
primary_clinical,Clinical,8,3,age;male;hypertension;diabetes,training-fold median,0.1,0.25,0.5578348436073218,True,0,,
primary_clinical,Clinical_Plus_PIV,8,3,age;male;hypertension;diabetes;PIV,training-fold median,0.1,0.25,0.7061213184999255,True,0,,
primary_clinical,Clinical_Plus_Core,8,3,age;male;hypertension;diabetes;neut;lymph;mono;plt;mpv;rdw;hb,training-fold median,0.1,0.5,0.7210281359465932,True,0,,
primary_clinical,Clinical_Plus_Enhanced,8,3,age;male;hypertension;diabetes;neut;lymph;mono;plt;mpv;rdw;hb;fbg,training-fold median,10.0,0.5,0.7352116991462291,True,0,,
primary_clinical,Clinical,8,4,age;male;hypertension;diabetes,training-fold median,0.1,0.75,0.5636417876349202,True,0,,
primary_clinical,Clinical_Plus_PIV,8,4,age;male;hypertension;diabetes;PIV,training-fold median,10.0,0.5,0.7071390940281691,True,0,,
primary_clinical,Clinical_Plus_Core,8,4,age;male;hypertension;diabetes;neut;lymph;mono;plt;mpv;rdw;hb,training-fold median,1.0,0.5,0.7177335312005225,True,0,,
primary_clinical,Clinical_Plus_Enhanced,8,4,age;male;hypertension;diabetes;neut;lymph;mono;plt;mpv;rdw;hb;fbg,training-fold median,1.0,0.75,0.7222593175380073,True,0,,
primary_clinical,Clinical,8,5,age;male;hypertension;diabetes,training-fold median,0.1,0.75,0.5279459373113233,True,0,,
primary_clinical,Clinical_Plus_PIV,8,5,age;male;hypertension;diabetes;PIV,training-fold median,0.1,0.75,0.720898935979265,True,0,,
primary_clinical,Clinical_Plus_Core,8,5,age;male;hypertension;diabetes;neut;lymph;mono;plt;mpv;rdw;hb,training-fold median,1.0,0.75,0.7332143369290811,True,0,,
primary_clinical,Clinical_Plus_Enhanced,8,5,age;male;hypertension;diabetes;neut;lymph;mono;plt;mpv;rdw;hb;fbg,training-fold median,0.1,0.75,0.7403155035433671,True,0,,
primary_clinical,Clinical,9,1,age;male;hypertension;diabetes,training-fold median,0.1,0.25,0.5667886256270783,True,0,,
primary_clinical,Clinical_Plus_PIV,9,1,age;male;hypertension;diabetes;PIV,training-fold median,10.0,0.25,0.7048644534515078,True,0,,
primary_clinical,Clinical_Plus_Core,9,1,age;male;hypertension;diabetes;neut;lymph;mono;plt;mpv;rdw;hb,training-fold median,0.1,0.25,0.7155045173362379,True,0,,
primary_clinical,Clinical_Plus_Enhanced,9,1,age;male;hypertension;diabetes;neut;lymph;mono;plt;mpv;rdw;hb;fbg,training-fold median,0.1,0.75,0.7241466005094481,True,0,,
primary_clinical,Clinical,9,2,age;male;hypertension;diabetes,training-fold median,10.0,0.25,0.5585739659013214,True,0,,
primary_clinical,Clinical_Plus_PIV,9,2,age;male;hypertension;diabetes;PIV,training-fold median,0.1,0.25,0.7144642624068854,True,0,,
primary_clinical,Clinical_Plus_Core,9,2,age;male;hypertension;diabetes;neut;lymph;mono;plt;mpv;rdw;hb,training-fold median,0.1,0.25,0.7185127767228303,True,0,,
primary_clinical,Clinical_Plus_Enhanced,9,2,age;male;hypertension;diabetes;neut;lymph;mono;plt;mpv;rdw;hb;fbg,training-fold median,0.1,0.75,0.7305342972026138,True,0,,
primary_clinical,Clinical,9,3,age;male;hypertension;diabetes,training-fold median,10.0,0.5,0.5272636822272837,True,0,,
primary_clinical,Clinical_Plus_PIV,9,3,age;male;hypertension;diabetes;PIV,training-fold median,0.1,0.5,0.706302338093636,True,0,,
primary_clinical,Clinical_Plus_Core,9,3,age;male;hypertension;diabetes;neut;lymph;mono;plt;mpv;rdw;hb,training-fold median,0.1,0.25,0.7328020578264183,True,0,,
primary_clinical,Clinical_Plus_Enhanced,9,3,age;male;hypertension;diabetes;neut;lymph;mono;plt;mpv;rdw;hb;fbg,training-fold median,0.1,0.25,0.7404841038338554,True,0,,
primary_clinical,Clinical,9,4,age;male;hypertension;diabetes,training-fold median,10.0,0.5,0.5626360137667922,True,0,,
primary_clinical,Clinical_Plus_PIV,9,4,age;male;hypertension;diabetes;PIV,training-fold median,0.1,0.75,0.7348563183376504,True,0,,
primary_clinical,Clinical_Plus_Core,9,4,age;male;hypertension;diabetes;neut;lymph;mono;plt;mpv;rdw;hb,training-fold median,0.1,0.25,0.744772672074858,True,0,,
primary_clinical,Clinical_Plus_Enhanced,9,4,age;male;hypertension;diabetes;neut;lymph;mono;plt;mpv;rdw;hb;fbg,training-fold median,1.0,0.25,0.7539286874076523,True,0,,
primary_clinical,Clinical,9,5,age;male;hypertension;diabetes,training-fold median,1.0,0.75,0.5533274550863096,True,0,,
primary_clinical,Clinical_Plus_PIV,9,5,age;male;hypertension;diabetes;PIV,training-fold median,0.1,0.75,0.7150949146563846,True,0,,
primary_clinical,Clinical_Plus_Core,9,5,age;male;hypertension;diabetes;neut;lymph;mono;plt;mpv;rdw;hb,training-fold median,0.1,0.5,0.7287405025247642,True,0,,
primary_clinical,Clinical_Plus_Enhanced,9,5,age;male;hypertension;diabetes;neut;lymph;mono;plt;mpv;rdw;hb;fbg,training-fold median,0.1,0.25,0.7404970475820472,True,0,,
primary_clinical,Clinical,10,1,age;male;hypertension;diabetes,training-fold median,0.1,0.75,0.5643188723929426,True,0,,
primary_clinical,Clinical_Plus_PIV,10,1,age;male;hypertension;diabetes;PIV,training-fold median,1.0,0.5,0.715564782280098,True,0,,
primary_clinical,Clinical_Plus_Core,10,1,age;male;hypertension;diabetes;neut;lymph;mono;plt;mpv;rdw;hb,training-fold median,0.1,0.5,0.7341599813482501,True,0,,
primary_clinical,Clinical_Plus_Enhanced,10,1,age;male;hypertension;diabetes;neut;lymph;mono;plt;mpv;rdw;hb;fbg,training-fold median,10.0,0.5,0.7386822432242507,True,0,,
primary_clinical,Clinical,10,2,age;male;hypertension;diabetes,training-fold median,0.1,0.5,0.5657948876913054,True,0,,
primary_clinical,Clinical_Plus_PIV,10,2,age;male;hypertension;diabetes;PIV,training-fold median,0.1,0.75,0.714304061206203,True,0,,
primary_clinical,Clinical_Plus_Core,10,2,age;male;hypertension;diabetes;neut;lymph;mono;plt;mpv;rdw;hb,training-fold median,1.0,0.25,0.7293827929892324,True,0,,
primary_clinical,Clinical_Plus_Enhanced,10,2,age;male;hypertension;diabetes;neut;lymph;mono;plt;mpv;rdw;hb;fbg,training-fold median,0.1,0.75,0.7356197635604413,True,0,,
primary_clinical,Clinical,10,3,age;male;hypertension;diabetes,training-fold median,0.1,0.25,0.563877548762702,True,0,,
primary_clinical,Clinical_Plus_PIV,10,3,age;male;hypertension;diabetes;PIV,training-fold median,0.1,0.75,0.7132591404700825,True,0,,
primary_clinical,Clinical_Plus_Core,10,3,age;male;hypertension;diabetes;neut;lymph;mono;plt;mpv;rdw;hb,training-fold median,10.0,0.25,0.7168176494319065,True,0,,
primary_clinical,Clinical_Plus_Enhanced,10,3,age;male;hypertension;diabetes;neut;lymph;mono;plt;mpv;rdw;hb;fbg,training-fold median,0.1,0.25,0.730795896410992,True,0,,
primary_clinical,Clinical,10,4,age;male;hypertension;diabetes,training-fold median,0.1,0.75,0.5643064499016053,True,0,,
primary_clinical,Clinical_Plus_PIV,10,4,age;male;hypertension;diabetes;PIV,training-fold median,0.1,0.75,0.7155813652619257,True,0,,
primary_clinical,Clinical_Plus_Core,10,4,age;male;hypertension;diabetes;neut;lymph;mono;plt;mpv;rdw;hb,training-fold median,1.0,0.25,0.726430791085545,True,0,,
primary_clinical,Clinical_Plus_Enhanced,10,4,age;male;hypertension;diabetes;neut;lymph;mono;plt;mpv;rdw;hb;fbg,training-fold median,10.0,0.25,0.7435031916541261,True,0,,
primary_clinical,Clinical,10,5,age;male;hypertension;diabetes,training-fold median,10.0,0.25,0.5382149707264063,True,0,,
primary_clinical,Clinical_Plus_PIV,10,5,age;male;hypertension;diabetes;PIV,training-fold median,0.1,0.5,0.7159277619615377,True,0,,
primary_clinical,Clinical_Plus_Core,10,5,age;male;hypertension;diabetes;neut;lymph;mono;plt;mpv;rdw;hb,training-fold median,0.1,0.25,0.7290632561611764,True,0,,
primary_clinical,Clinical_Plus_Enhanced,10,5,age;male;hypertension;diabetes;neut;lymph;mono;plt;mpv;rdw;hb;fbg,training-fold median,0.1,0.5,0.7332830503785346,True,0,,
primary_clinical_fbg_complete_case,Clinical,1,1,age;male;hypertension;diabetes,training-fold median,0.1,0.75,0.5483509325069932,True,0,,
primary_clinical_fbg_complete_case,Clinical_Plus_PIV,1,1,age;male;hypertension;diabetes;PIV,training-fold median,10.0,0.5,0.7070574536345633,True,0,,
primary_clinical_fbg_complete_case,Clinical_Plus_Core,1,1,age;male;hypertension;diabetes;neut;lymph;mono;plt;mpv;rdw;hb,training-fold median,1.0,0.5,0.7155263994230133,True,0,,
primary_clinical_fbg_complete_case,Clinical_Plus_Enhanced,1,1,age;male;hypertension;diabetes;neut;lymph;mono;plt;mpv;rdw;hb;fbg,training-fold median,10.0,0.25,0.727511962117515,True,0,,
primary_clinical_fbg_complete_case,Clinical,1,2,age;male;hypertension;diabetes,training-fold median,0.1,0.5,0.5601489617950189,True,0,,
primary_clinical_fbg_complete_case,Clinical_Plus_PIV,1,2,age;male;hypertension;diabetes;PIV,training-fold median,0.1,0.75,0.7168631038800234,True,0,,
primary_clinical_fbg_complete_case,Clinical_Plus_Core,1,2,age;male;hypertension;diabetes;neut;lymph;mono;plt;mpv;rdw;hb,training-fold median,10.0,0.5,0.732714102129738,True,0,,
primary_clinical_fbg_complete_case,Clinical_Plus_Enhanced,1,2,age;male;hypertension;diabetes;neut;lymph;mono;plt;mpv;rdw;hb;fbg,training-fold median,0.1,0.25,0.7379856705329504,True,0,,
primary_clinical_fbg_complete_case,Clinical,1,3,age;male;hypertension;diabetes,training-fold median,0.1,0.25,0.5549255303144276,True,0,,
primary_clinical_fbg_complete_case,Clinical_Plus_PIV,1,3,age;male;hypertension;diabetes;PIV,training-fold median,1.0,0.75,0.7290692492038505,True,0,,
primary_clinical_fbg_complete_case,Clinical_Plus_Core,1,3,age;male;hypertension;diabetes;neut;lymph;mono;plt;mpv;rdw;hb,training-fold median,0.1,0.25,0.7372063705818344,True,0,,
primary_clinical_fbg_complete_case,Clinical_Plus_Enhanced,1,3,age;male;hypertension;diabetes;neut;lymph;mono;plt;mpv;rdw;hb;fbg,training-fold median,0.1,0.25,0.747601472106943,True,0,,
primary_clinical_fbg_complete_case,Clinical,1,4,age;male;hypertension;diabetes,training-fold median,0.1,0.75,0.5363729694672454,True,0,,
primary_clinical_fbg_complete_case,Clinical_Plus_PIV,1,4,age;male;hypertension;diabetes;PIV,training-fold median,10.0,0.25,0.7137179639285487,True,0,,
primary_clinical_fbg_complete_case,Clinical_Plus_Core,1,4,age;male;hypertension;diabetes;neut;lymph;mono;plt;mpv;rdw;hb,training-fold median,1.0,0.5,0.7133461832324055,True,0,,
primary_clinical_fbg_complete_case,Clinical_Plus_Enhanced,1,4,age;male;hypertension;diabetes;neut;lymph;mono;plt;mpv;rdw;hb;fbg,training-fold median,0.1,0.5,0.7257654460740486,True,0,,
primary_clinical_fbg_complete_case,Clinical,1,5,age;male;hypertension;diabetes,training-fold median,0.1,0.75,0.5456474878330098,True,0,,
primary_clinical_fbg_complete_case,Clinical_Plus_PIV,1,5,age;male;hypertension;diabetes;PIV,training-fold median,0.1,0.25,0.7245452499507693,True,0,,
primary_clinical_fbg_complete_case,Clinical_Plus_Core,1,5,age;male;hypertension;diabetes;neut;lymph;mono;plt;mpv;rdw;hb,training-fold median,0.1,0.25,0.7332903620558696,True,0,,
primary_clinical_fbg_complete_case,Clinical_Plus_Enhanced,1,5,age;male;hypertension;diabetes;neut;lymph;mono;plt;mpv;rdw;hb;fbg,training-fold median,0.1,0.25,0.7493645736630377,True,0,,
primary_clinical_fbg_complete_case,Clinical,2,1,age;male;hypertension;diabetes,training-fold median,0.1,0.75,0.5513229637185797,True,0,,
primary_clinical_fbg_complete_case,Clinical_Plus_PIV,2,1,age;male;hypertension;diabetes;PIV,training-fold median,10.0,0.25,0.7223270691222032,True,0,,
primary_clinical_fbg_complete_case,Clinical_Plus_Core,2,1,age;male;hypertension;diabetes;neut;lymph;mono;plt;mpv;rdw;hb,training-fold median,1.0,0.25,0.7230437850602367,True,0,,
primary_clinical_fbg_complete_case,Clinical_Plus_Enhanced,2,1,age;male;hypertension;diabetes;neut;lymph;mono;plt;mpv;rdw;hb;fbg,training-fold median,0.1,0.25,0.7356206347342547,True,0,,
primary_clinical_fbg_complete_case,Clinical,2,2,age;male;hypertension;diabetes,training-fold median,1.0,0.25,0.5557770810068563,True,0,,
primary_clinical_fbg_complete_case,Clinical_Plus_PIV,2,2,age;male;hypertension;diabetes;PIV,training-fold median,0.1,0.5,0.7182906861827758,True,0,,
primary_clinical_fbg_complete_case,Clinical_Plus_Core,2,2,age;male;hypertension;diabetes;neut;lymph;mono;plt;mpv;rdw;hb,training-fold median,10.0,0.25,0.7318577088997911,True,0,,
primary_clinical_fbg_complete_case,Clinical_Plus_Enhanced,2,2,age;male;hypertension;diabetes;neut;lymph;mono;plt;mpv;rdw;hb;fbg,training-fold median,10.0,0.5,0.7378286228928184,True,0,,
primary_clinical_fbg_complete_case,Clinical,2,3,age;male;hypertension;diabetes,training-fold median,0.1,0.75,0.5521298307649843,True,0,,
primary_clinical_fbg_complete_case,Clinical_Plus_PIV,2,3,age;male;hypertension;diabetes;PIV,training-fold median,0.1,0.75,0.7097723059448137,True,0,,
primary_clinical_fbg_complete_case,Clinical_Plus_Core,2,3,age;male;hypertension;diabetes;neut;lymph;mono;plt;mpv;rdw;hb,training-fold median,1.0,0.5,0.7289778005685879,True,0,,
primary_clinical_fbg_complete_case,Clinical_Plus_Enhanced,2,3,age;male;hypertension;diabetes;neut;lymph;mono;plt;mpv;rdw;hb;fbg,training-fold median,0.1,0.25,0.7377345812423071,True,0,,
primary_clinical_fbg_complete_case,Clinical,2,4,age;male;hypertension;diabetes,training-fold median,0.1,0.75,0.5567786321273774,True,0,,
primary_clinical_fbg_complete_case,Clinical_Plus_PIV,2,4,age;male;hypertension;diabetes;PIV,training-fold median,0.1,0.75,0.7099662296457476,True,0,,
primary_clinical_fbg_complete_case,Clinical_Plus_Core,2,4,age;male;hypertension;diabetes;neut;lymph;mono;plt;mpv;rdw;hb,training-fold median,1.0,0.75,0.7233916496754859,True,0,,
primary_clinical_fbg_complete_case,Clinical_Plus_Enhanced,2,4,age;male;hypertension;diabetes;neut;lymph;mono;plt;mpv;rdw;hb;fbg,training-fold median,0.1,0.5,0.7290536065131976,True,0,,
primary_clinical_fbg_complete_case,Clinical,2,5,age;male;hypertension;diabetes,training-fold median,10.0,0.75,0.5512226418544462,True,0,,
primary_clinical_fbg_complete_case,Clinical_Plus_PIV,2,5,age;male;hypertension;diabetes;PIV,training-fold median,0.1,0.25,0.720649773539258,True,0,,
primary_clinical_fbg_complete_case,Clinical_Plus_Core,2,5,age;male;hypertension;diabetes;neut;lymph;mono;plt;mpv;rdw;hb,training-fold median,10.0,0.25,0.7356648943652065,True,0,,
primary_clinical_fbg_complete_case,Clinical_Plus_Enhanced,2,5,age;male;hypertension;diabetes;neut;lymph;mono;plt;mpv;rdw;hb;fbg,training-fold median,10.0,0.25,0.754839156609559,True,0,,
primary_clinical_fbg_complete_case,Clinical,3,1,age;male;hypertension;diabetes,training-fold median,0.1,0.75,0.5382851138500854,True,0,,
primary_clinical_fbg_complete_case,Clinical_Plus_PIV,3,1,age;male;hypertension;diabetes;PIV,training-fold median,0.1,0.75,0.698489773490333,True,0,,
primary_clinical_fbg_complete_case,Clinical_Plus_Core,3,1,age;male;hypertension;diabetes;neut;lymph;mono;plt;mpv;rdw;hb,training-fold median,10.0,0.25,0.7080118147315068,True,0,,
primary_clinical_fbg_complete_case,Clinical_Plus_Enhanced,3,1,age;male;hypertension;diabetes;neut;lymph;mono;plt;mpv;rdw;hb;fbg,training-fold median,10.0,0.25,0.7220978981491334,True,0,,
primary_clinical_fbg_complete_case,Clinical,3,2,age;male;hypertension;diabetes,training-fold median,0.1,0.75,0.5505279400450842,True,0,,
primary_clinical_fbg_complete_case,Clinical_Plus_PIV,3,2,age;male;hypertension;diabetes;PIV,training-fold median,1.0,0.75,0.7304106769441397,True,0,,
primary_clinical_fbg_complete_case,Clinical_Plus_Core,3,2,age;male;hypertension;diabetes;neut;lymph;mono;plt;mpv;rdw;hb,training-fold median,1.0,0.25,0.7345092840953986,True,0,,
primary_clinical_fbg_complete_case,Clinical_Plus_Enhanced,3,2,age;male;hypertension;diabetes;neut;lymph;mono;plt;mpv;rdw;hb;fbg,training-fold median,0.1,0.5,0.7474330127534765,True,0,,
primary_clinical_fbg_complete_case,Clinical,3,3,age;male;hypertension;diabetes,training-fold median,1.0,0.5,0.5580833907180655,True,0,,
primary_clinical_fbg_complete_case,Clinical_Plus_PIV,3,3,age;male;hypertension;diabetes;PIV,training-fold median,0.1,0.75,0.7278848385256833,True,0,,
primary_clinical_fbg_complete_case,Clinical_Plus_Core,3,3,age;male;hypertension;diabetes;neut;lymph;mono;plt;mpv;rdw;hb,training-fold median,1.0,0.75,0.7410202974791897,True,0,,
primary_clinical_fbg_complete_case,Clinical_Plus_Enhanced,3,3,age;male;hypertension;diabetes;neut;lymph;mono;plt;mpv;rdw;hb;fbg,training-fold median,0.1,0.25,0.7550290307627012,True,0,,
primary_clinical_fbg_complete_case,Clinical,3,4,age;male;hypertension;diabetes,training-fold median,0.1,0.75,0.5568268730152324,True,0,,
primary_clinical_fbg_complete_case,Clinical_Plus_PIV,3,4,age;male;hypertension;diabetes;PIV,training-fold median,0.1,0.75,0.7095990030345617,True,0,,
primary_clinical_fbg_complete_case,Clinical_Plus_Core,3,4,age;male;hypertension;diabetes;neut;lymph;mono;plt;mpv;rdw;hb,training-fold median,0.1,0.25,0.7300735085167911,True,0,,
primary_clinical_fbg_complete_case,Clinical_Plus_Enhanced,3,4,age;male;hypertension;diabetes;neut;lymph;mono;plt;mpv;rdw;hb;fbg,training-fold median,0.1,0.75,0.7285591957657204,True,0,,
primary_clinical_fbg_complete_case,Clinical,3,5,age;male;hypertension;diabetes,training-fold median,1.0,0.75,0.5360548710158382,True,0,,
primary_clinical_fbg_complete_case,Clinical_Plus_PIV,3,5,age;male;hypertension;diabetes;PIV,training-fold median,10.0,0.25,0.7132902917264466,True,0,,
primary_clinical_fbg_complete_case,Clinical_Plus_Core,3,5,age;male;hypertension;diabetes;neut;lymph;mono;plt;mpv;rdw;hb,training-fold median,10.0,0.75,0.729022561678904,True,0,,
primary_clinical_fbg_complete_case,Clinical_Plus_Enhanced,3,5,age;male;hypertension;diabetes;neut;lymph;mono;plt;mpv;rdw;hb;fbg,training-fold median,0.1,0.5,0.7308867836948266,True,0,,
primary_clinical_fbg_complete_case,Clinical,4,1,age;male;hypertension;diabetes,training-fold median,0.1,0.75,0.5622620368297861,True,0,,
primary_clinical_fbg_complete_case,Clinical_Plus_PIV,4,1,age;male;hypertension;diabetes;PIV,training-fold median,10.0,0.5,0.719805623744518,True,0,,
primary_clinical_fbg_complete_case,Clinical_Plus_Core,4,1,age;male;hypertension;diabetes;neut;lymph;mono;plt;mpv;rdw;hb,training-fold median,1.0,0.75,0.7281709987552711,True,0,,
primary_clinical_fbg_complete_case,Clinical_Plus_Enhanced,4,1,age;male;hypertension;diabetes;neut;lymph;mono;plt;mpv;rdw;hb;fbg,training-fold median,1.0,0.25,0.7356973702503687,True,0,,
primary_clinical_fbg_complete_case,Clinical,4,2,age;male;hypertension;diabetes,training-fold median,0.1,0.75,0.5370152498651509,True,0,,
primary_clinical_fbg_complete_case,Clinical_Plus_PIV,4,2,age;male;hypertension;diabetes;PIV,training-fold median,1.0,0.5,0.714281426957492,True,0,,
primary_clinical_fbg_complete_case,Clinical_Plus_Core,4,2,age;male;hypertension;diabetes;neut;lymph;mono;plt;mpv;rdw;hb,training-fold median,10.0,0.75,0.722867759687827,True,0,,
primary_clinical_fbg_complete_case,Clinical_Plus_Enhanced,4,2,age;male;hypertension;diabetes;neut;lymph;mono;plt;mpv;rdw;hb;fbg,training-fold median,10.0,0.25,0.7336937930309047,True,0,,
primary_clinical_fbg_complete_case,Clinical,4,3,age;male;hypertension;diabetes,training-fold median,10.0,0.25,0.5581128200141637,True,0,,
primary_clinical_fbg_complete_case,Clinical_Plus_PIV,4,3,age;male;hypertension;diabetes;PIV,training-fold median,0.1,0.75,0.7193179768528541,True,0,,
primary_clinical_fbg_complete_case,Clinical_Plus_Core,4,3,age;male;hypertension;diabetes;neut;lymph;mono;plt;mpv;rdw;hb,training-fold median,10.0,0.5,0.7308673391382629,True,0,,
primary_clinical_fbg_complete_case,Clinical_Plus_Enhanced,4,3,age;male;hypertension;diabetes;neut;lymph;mono;plt;mpv;rdw;hb;fbg,training-fold median,0.1,0.25,0.743331775893357,True,0,,
primary_clinical_fbg_complete_case,Clinical,4,4,age;male;hypertension;diabetes,training-fold median,0.1,0.75,0.5531408508759376,True,0,,
primary_clinical_fbg_complete_case,Clinical_Plus_PIV,4,4,age;male;hypertension;diabetes;PIV,training-fold median,10.0,0.75,0.7192250054326932,True,0,,
primary_clinical_fbg_complete_case,Clinical_Plus_Core,4,4,age;male;hypertension;diabetes;neut;lymph;mono;plt;mpv;rdw;hb,training-fold median,10.0,0.25,0.7318735605401787,True,0,,
primary_clinical_fbg_complete_case,Clinical_Plus_Enhanced,4,4,age;male;hypertension;diabetes;neut;lymph;mono;plt;mpv;rdw;hb;fbg,training-fold median,0.1,0.25,0.7419663311647409,True,0,,
primary_clinical_fbg_complete_case,Clinical,4,5,age;male;hypertension;diabetes,training-fold median,0.1,0.75,0.5529976509972713,True,0,,
primary_clinical_fbg_complete_case,Clinical_Plus_PIV,4,5,age;male;hypertension;diabetes;PIV,training-fold median,10.0,0.5,0.7203532646918165,True,0,,
primary_clinical_fbg_complete_case,Clinical_Plus_Core,4,5,age;male;hypertension;diabetes;neut;lymph;mono;plt;mpv;rdw;hb,training-fold median,1.0,0.25,0.7304609390384561,True,0,,
primary_clinical_fbg_complete_case,Clinical_Plus_Enhanced,4,5,age;male;hypertension;diabetes;neut;lymph;mono;plt;mpv;rdw;hb;fbg,training-fold median,0.1,0.25,0.7361745013643908,True,0,,
primary_clinical_fbg_complete_case,Clinical,5,1,age;male;hypertension;diabetes,training-fold median,0.1,0.5,0.576510741239502,True,0,,
primary_clinical_fbg_complete_case,Clinical_Plus_PIV,5,1,age;male;hypertension;diabetes;PIV,training-fold median,0.1,0.75,0.7220313135130749,True,0,,
primary_clinical_fbg_complete_case,Clinical_Plus_Core,5,1,age;male;hypertension;diabetes;neut;lymph;mono;plt;mpv;rdw;hb,training-fold median,10.0,0.25,0.7391096244082646,True,0,,
primary_clinical_fbg_complete_case,Clinical_Plus_Enhanced,5,1,age;male;hypertension;diabetes;neut;lymph;mono;plt;mpv;rdw;hb;fbg,training-fold median,0.1,0.25,0.7469121143144635,True,0,,
primary_clinical_fbg_complete_case,Clinical,5,2,age;male;hypertension;diabetes,training-fold median,0.1,0.75,0.5479866683953436,True,0,,
primary_clinical_fbg_complete_case,Clinical_Plus_PIV,5,2,age;male;hypertension;diabetes;PIV,training-fold median,10.0,0.5,0.7000550862850285,True,0,,
primary_clinical_fbg_complete_case,Clinical_Plus_Core,5,2,age;male;hypertension;diabetes;neut;lymph;mono;plt;mpv;rdw;hb,training-fold median,10.0,0.75,0.7110554479209603,True,0,,
primary_clinical_fbg_complete_case,Clinical_Plus_Enhanced,5,2,age;male;hypertension;diabetes;neut;lymph;mono;plt;mpv;rdw;hb;fbg,training-fold median,1.0,0.25,0.7302369999628986,True,0,,
primary_clinical_fbg_complete_case,Clinical,5,3,age;male;hypertension;diabetes,training-fold median,0.1,0.75,0.5581635484231329,True,0,,
primary_clinical_fbg_complete_case,Clinical_Plus_PIV,5,3,age;male;hypertension;diabetes;PIV,training-fold median,10.0,0.25,0.7209766320808988,True,0,,
primary_clinical_fbg_complete_case,Clinical_Plus_Core,5,3,age;male;hypertension;diabetes;neut;lymph;mono;plt;mpv;rdw;hb,training-fold median,10.0,0.25,0.72861439722792,True,0,,
primary_clinical_fbg_complete_case,Clinical_Plus_Enhanced,5,3,age;male;hypertension;diabetes;neut;lymph;mono;plt;mpv;rdw;hb;fbg,training-fold median,1.0,0.25,0.744595634357126,True,0,,
primary_clinical_fbg_complete_case,Clinical,5,4,age;male;hypertension;diabetes,training-fold median,0.1,0.75,0.5404737787448582,True,0,,
primary_clinical_fbg_complete_case,Clinical_Plus_PIV,5,4,age;male;hypertension;diabetes;PIV,training-fold median,0.1,0.75,0.7157371461257865,True,0,,
primary_clinical_fbg_complete_case,Clinical_Plus_Core,5,4,age;male;hypertension;diabetes;neut;lymph;mono;plt;mpv;rdw;hb,training-fold median,10.0,0.25,0.7323939717695657,True,0,,
primary_clinical_fbg_complete_case,Clinical_Plus_Enhanced,5,4,age;male;hypertension;diabetes;neut;lymph;mono;plt;mpv;rdw;hb;fbg,training-fold median,0.1,0.25,0.7378061337857249,True,0,,
primary_clinical_fbg_complete_case,Clinical,5,5,age;male;hypertension;diabetes,training-fold median,0.1,0.75,0.5420259093594396,True,0,,
primary_clinical_fbg_complete_case,Clinical_Plus_PIV,5,5,age;male;hypertension;diabetes;PIV,training-fold median,1.0,0.75,0.7250874194728106,True,0,,
primary_clinical_fbg_complete_case,Clinical_Plus_Core,5,5,age;male;hypertension;diabetes;neut;lymph;mono;plt;mpv;rdw;hb,training-fold median,0.1,0.25,0.729705671364672,True,0,,
primary_clinical_fbg_complete_case,Clinical_Plus_Enhanced,5,5,age;male;hypertension;diabetes;neut;lymph;mono;plt;mpv;rdw;hb;fbg,training-fold median,1.0,0.25,0.7394643711142994,True,0,,
primary_clinical_fbg_complete_case,Clinical,6,1,age;male;hypertension;diabetes,training-fold median,0.1,0.75,0.5523361202131654,True,0,,
primary_clinical_fbg_complete_case,Clinical_Plus_PIV,6,1,age;male;hypertension;diabetes;PIV,training-fold median,10.0,0.5,0.7237767114206421,True,0,,
primary_clinical_fbg_complete_case,Clinical_Plus_Core,6,1,age;male;hypertension;diabetes;neut;lymph;mono;plt;mpv;rdw;hb,training-fold median,10.0,0.25,0.7327651990037276,True,0,,
primary_clinical_fbg_complete_case,Clinical_Plus_Enhanced,6,1,age;male;hypertension;diabetes;neut;lymph;mono;plt;mpv;rdw;hb;fbg,training-fold median,10.0,0.5,0.7391043568364072,True,0,,
primary_clinical_fbg_complete_case,Clinical,6,2,age;male;hypertension;diabetes,training-fold median,0.1,0.75,0.5816246117102363,True,0,,
primary_clinical_fbg_complete_case,Clinical_Plus_PIV,6,2,age;male;hypertension;diabetes;PIV,training-fold median,0.1,0.75,0.7112329665195254,True,0,,
primary_clinical_fbg_complete_case,Clinical_Plus_Core,6,2,age;male;hypertension;diabetes;neut;lymph;mono;plt;mpv;rdw;hb,training-fold median,1.0,0.25,0.7300027825989106,True,0,,
primary_clinical_fbg_complete_case,Clinical_Plus_Enhanced,6,2,age;male;hypertension;diabetes;neut;lymph;mono;plt;mpv;rdw;hb;fbg,training-fold median,0.1,0.5,0.7372364736134198,True,0,,
primary_clinical_fbg_complete_case,Clinical,6,3,age;male;hypertension;diabetes,training-fold median,0.1,0.75,0.5471296610570288,True,0,,
primary_clinical_fbg_complete_case,Clinical_Plus_PIV,6,3,age;male;hypertension;diabetes;PIV,training-fold median,1.0,0.5,0.7225553105237689,True,0,,
primary_clinical_fbg_complete_case,Clinical_Plus_Core,6,3,age;male;hypertension;diabetes;neut;lymph;mono;plt;mpv;rdw;hb,training-fold median,10.0,0.5,0.725311411550252,True,0,,
primary_clinical_fbg_complete_case,Clinical_Plus_Enhanced,6,3,age;male;hypertension;diabetes;neut;lymph;mono;plt;mpv;rdw;hb;fbg,training-fold median,1.0,0.5,0.7401037909393687,True,0,,
primary_clinical_fbg_complete_case,Clinical,6,4,age;male;hypertension;diabetes,training-fold median,1.0,0.75,0.5512355106099579,True,0,,
primary_clinical_fbg_complete_case,Clinical_Plus_PIV,6,4,age;male;hypertension;diabetes;PIV,training-fold median,0.1,0.75,0.7183126208086212,True,0,,
primary_clinical_fbg_complete_case,Clinical_Plus_Core,6,4,age;male;hypertension;diabetes;neut;lymph;mono;plt;mpv;rdw;hb,training-fold median,0.1,0.25,0.725399978717705,True,0,,
primary_clinical_fbg_complete_case,Clinical_Plus_Enhanced,6,4,age;male;hypertension;diabetes;neut;lymph;mono;plt;mpv;rdw;hb;fbg,training-fold median,0.1,0.25,0.7415642354294762,True,0,,
primary_clinical_fbg_complete_case,Clinical,6,5,age;male;hypertension;diabetes,training-fold median,0.1,0.75,0.5400788392832025,True,0,,
primary_clinical_fbg_complete_case,Clinical_Plus_PIV,6,5,age;male;hypertension;diabetes;PIV,training-fold median,0.1,0.75,0.7142131544152812,True,0,,
primary_clinical_fbg_complete_case,Clinical_Plus_Core,6,5,age;male;hypertension;diabetes;neut;lymph;mono;plt;mpv;rdw;hb,training-fold median,0.1,0.5,0.7255589782541423,True,0,,
primary_clinical_fbg_complete_case,Clinical_Plus_Enhanced,6,5,age;male;hypertension;diabetes;neut;lymph;mono;plt;mpv;rdw;hb;fbg,training-fold median,0.1,0.5,0.7331985118294091,True,0,,
primary_clinical_fbg_complete_case,Clinical,7,1,age;male;hypertension;diabetes,training-fold median,0.1,0.75,0.5339213907653594,True,0,,
primary_clinical_fbg_complete_case,Clinical_Plus_PIV,7,1,age;male;hypertension;diabetes;PIV,training-fold median,1.0,0.25,0.709050794355544,True,0,,
primary_clinical_fbg_complete_case,Clinical_Plus_Core,7,1,age;male;hypertension;diabetes;neut;lymph;mono;plt;mpv;rdw;hb,training-fold median,10.0,0.5,0.7121183089708134,True,0,,
primary_clinical_fbg_complete_case,Clinical_Plus_Enhanced,7,1,age;male;hypertension;diabetes;neut;lymph;mono;plt;mpv;rdw;hb;fbg,training-fold median,1.0,0.25,0.7270992119842968,True,0,,
primary_clinical_fbg_complete_case,Clinical,7,2,age;male;hypertension;diabetes,training-fold median,10.0,0.5,0.5691287993687069,True,0,,
primary_clinical_fbg_complete_case,Clinical_Plus_PIV,7,2,age;male;hypertension;diabetes;PIV,training-fold median,10.0,0.25,0.7246631893353686,True,0,,
primary_clinical_fbg_complete_case,Clinical_Plus_Core,7,2,age;male;hypertension;diabetes;neut;lymph;mono;plt;mpv;rdw;hb,training-fold median,10.0,0.25,0.7428074659676941,True,0,,
primary_clinical_fbg_complete_case,Clinical_Plus_Enhanced,7,2,age;male;hypertension;diabetes;neut;lymph;mono;plt;mpv;rdw;hb;fbg,training-fold median,10.0,0.5,0.7491649165852273,True,0,,
primary_clinical_fbg_complete_case,Clinical,7,3,age;male;hypertension;diabetes,training-fold median,0.1,0.75,0.5503864892285901,True,0,,
primary_clinical_fbg_complete_case,Clinical_Plus_PIV,7,3,age;male;hypertension;diabetes;PIV,training-fold median,0.1,0.25,0.7250211671177942,True,0,,
primary_clinical_fbg_complete_case,Clinical_Plus_Core,7,3,age;male;hypertension;diabetes;neut;lymph;mono;plt;mpv;rdw;hb,training-fold median,0.1,0.5,0.7282541291525447,True,0,,
primary_clinical_fbg_complete_case,Clinical_Plus_Enhanced,7,3,age;male;hypertension;diabetes;neut;lymph;mono;plt;mpv;rdw;hb;fbg,training-fold median,1.0,0.25,0.7488551307658404,True,0,,
primary_clinical_fbg_complete_case,Clinical,7,4,age;male;hypertension;diabetes,training-fold median,0.1,0.5,0.5545239849833431,True,0,,
primary_clinical_fbg_complete_case,Clinical_Plus_PIV,7,4,age;male;hypertension;diabetes;PIV,training-fold median,0.1,0.75,0.7072219755596081,True,0,,
primary_clinical_fbg_complete_case,Clinical_Plus_Core,7,4,age;male;hypertension;diabetes;neut;lymph;mono;plt;mpv;rdw;hb,training-fold median,0.1,0.25,0.7123774086808117,True,0,,
primary_clinical_fbg_complete_case,Clinical_Plus_Enhanced,7,4,age;male;hypertension;diabetes;neut;lymph;mono;plt;mpv;rdw;hb;fbg,training-fold median,1.0,0.75,0.7226608444097078,True,0,,
primary_clinical_fbg_complete_case,Clinical,7,5,age;male;hypertension;diabetes,training-fold median,0.1,0.5,0.551589339466059,True,0,,
primary_clinical_fbg_complete_case,Clinical_Plus_PIV,7,5,age;male;hypertension;diabetes;PIV,training-fold median,0.1,0.25,0.7185194249866373,True,0,,
primary_clinical_fbg_complete_case,Clinical_Plus_Core,7,5,age;male;hypertension;diabetes;neut;lymph;mono;plt;mpv;rdw;hb,training-fold median,10.0,0.5,0.728101386896222,True,0,,
primary_clinical_fbg_complete_case,Clinical_Plus_Enhanced,7,5,age;male;hypertension;diabetes;neut;lymph;mono;plt;mpv;rdw;hb;fbg,training-fold median,0.1,0.75,0.7384588010239964,True,0,,
primary_clinical_fbg_complete_case,Clinical,8,1,age;male;hypertension;diabetes,training-fold median,10.0,0.25,0.537225866101748,True,0,,
primary_clinical_fbg_complete_case,Clinical_Plus_PIV,8,1,age;male;hypertension;diabetes;PIV,training-fold median,1.0,0.75,0.726037933856095,True,0,,
primary_clinical_fbg_complete_case,Clinical_Plus_Core,8,1,age;male;hypertension;diabetes;neut;lymph;mono;plt;mpv;rdw;hb,training-fold median,10.0,0.25,0.7362126392777393,True,0,,
primary_clinical_fbg_complete_case,Clinical_Plus_Enhanced,8,1,age;male;hypertension;diabetes;neut;lymph;mono;plt;mpv;rdw;hb;fbg,training-fold median,1.0,0.5,0.7396019028491774,True,0,,
primary_clinical_fbg_complete_case,Clinical,8,2,age;male;hypertension;diabetes,training-fold median,10.0,0.5,0.5662209687276654,True,0,,
primary_clinical_fbg_complete_case,Clinical_Plus_PIV,8,2,age;male;hypertension;diabetes;PIV,training-fold median,0.1,0.75,0.7217334796185332,True,0,,
primary_clinical_fbg_complete_case,Clinical_Plus_Core,8,2,age;male;hypertension;diabetes;neut;lymph;mono;plt;mpv;rdw;hb,training-fold median,0.1,0.25,0.7394201614274305,True,0,,
primary_clinical_fbg_complete_case,Clinical_Plus_Enhanced,8,2,age;male;hypertension;diabetes;neut;lymph;mono;plt;mpv;rdw;hb;fbg,training-fold median,0.1,0.25,0.7494901504152697,True,0,,
primary_clinical_fbg_complete_case,Clinical,8,3,age;male;hypertension;diabetes,training-fold median,10.0,0.25,0.5368011620051509,True,0,,
primary_clinical_fbg_complete_case,Clinical_Plus_PIV,8,3,age;male;hypertension;diabetes;PIV,training-fold median,1.0,0.25,0.7023579417003738,True,0,,
primary_clinical_fbg_complete_case,Clinical_Plus_Core,8,3,age;male;hypertension;diabetes;neut;lymph;mono;plt;mpv;rdw;hb,training-fold median,1.0,0.5,0.7188580428116602,True,0,,
primary_clinical_fbg_complete_case,Clinical_Plus_Enhanced,8,3,age;male;hypertension;diabetes;neut;lymph;mono;plt;mpv;rdw;hb;fbg,training-fold median,0.1,0.25,0.7264686220692507,True,0,,
primary_clinical_fbg_complete_case,Clinical,8,4,age;male;hypertension;diabetes,training-fold median,0.1,0.75,0.5421860270317762,True,0,,
primary_clinical_fbg_complete_case,Clinical_Plus_PIV,8,4,age;male;hypertension;diabetes;PIV,training-fold median,0.1,0.75,0.7172066039939773,True,0,,
primary_clinical_fbg_complete_case,Clinical_Plus_Core,8,4,age;male;hypertension;diabetes;neut;lymph;mono;plt;mpv;rdw;hb,training-fold median,0.1,0.25,0.7277162823418515,True,0,,
primary_clinical_fbg_complete_case,Clinical_Plus_Enhanced,8,4,age;male;hypertension;diabetes;neut;lymph;mono;plt;mpv;rdw;hb;fbg,training-fold median,0.1,0.5,0.7367319140244208,True,0,,
primary_clinical_fbg_complete_case,Clinical,8,5,age;male;hypertension;diabetes,training-fold median,0.1,0.75,0.5549361057191886,True,0,,
primary_clinical_fbg_complete_case,Clinical_Plus_PIV,8,5,age;male;hypertension;diabetes;PIV,training-fold median,0.1,0.75,0.7111000225054154,True,0,,
primary_clinical_fbg_complete_case,Clinical_Plus_Core,8,5,age;male;hypertension;diabetes;neut;lymph;mono;plt;mpv;rdw;hb,training-fold median,1.0,0.75,0.7229278138802149,True,0,,
primary_clinical_fbg_complete_case,Clinical_Plus_Enhanced,8,5,age;male;hypertension;diabetes;neut;lymph;mono;plt;mpv;rdw;hb;fbg,training-fold median,1.0,0.25,0.7301152699243256,True,0,,
primary_clinical_fbg_complete_case,Clinical,9,1,age;male;hypertension;diabetes,training-fold median,10.0,0.25,0.5508804392673835,True,0,,
primary_clinical_fbg_complete_case,Clinical_Plus_PIV,9,1,age;male;hypertension;diabetes;PIV,training-fold median,0.1,0.25,0.7214123116445548,True,0,,
primary_clinical_fbg_complete_case,Clinical_Plus_Core,9,1,age;male;hypertension;diabetes;neut;lymph;mono;plt;mpv;rdw;hb,training-fold median,10.0,0.25,0.7248188925623271,True,0,,
primary_clinical_fbg_complete_case,Clinical_Plus_Enhanced,9,1,age;male;hypertension;diabetes;neut;lymph;mono;plt;mpv;rdw;hb;fbg,training-fold median,10.0,0.5,0.7400109051376356,True,0,,
primary_clinical_fbg_complete_case,Clinical,9,2,age;male;hypertension;diabetes,training-fold median,0.1,0.75,0.5640913030839351,True,0,,
primary_clinical_fbg_complete_case,Clinical_Plus_PIV,9,2,age;male;hypertension;diabetes;PIV,training-fold median,1.0,0.75,0.7122327981366168,True,0,,
primary_clinical_fbg_complete_case,Clinical_Plus_Core,9,2,age;male;hypertension;diabetes;neut;lymph;mono;plt;mpv;rdw;hb,training-fold median,0.1,0.25,0.720969173084991,True,0,,
primary_clinical_fbg_complete_case,Clinical_Plus_Enhanced,9,2,age;male;hypertension;diabetes;neut;lymph;mono;plt;mpv;rdw;hb;fbg,training-fold median,0.1,0.75,0.7370720903086869,True,0,,
primary_clinical_fbg_complete_case,Clinical,9,3,age;male;hypertension;diabetes,training-fold median,0.1,0.5,0.5375049291752132,True,0,,
primary_clinical_fbg_complete_case,Clinical_Plus_PIV,9,3,age;male;hypertension;diabetes;PIV,training-fold median,10.0,0.75,0.731449766649013,True,0,,
primary_clinical_fbg_complete_case,Clinical_Plus_Core,9,3,age;male;hypertension;diabetes;neut;lymph;mono;plt;mpv;rdw;hb,training-fold median,10.0,0.25,0.7383168752290803,True,0,,
primary_clinical_fbg_complete_case,Clinical_Plus_Enhanced,9,3,age;male;hypertension;diabetes;neut;lymph;mono;plt;mpv;rdw;hb;fbg,training-fold median,10.0,0.25,0.7467464334828394,True,0,,
primary_clinical_fbg_complete_case,Clinical,9,4,age;male;hypertension;diabetes,training-fold median,0.1,0.5,0.5550200311447225,True,0,,
primary_clinical_fbg_complete_case,Clinical_Plus_PIV,9,4,age;male;hypertension;diabetes;PIV,training-fold median,1.0,0.75,0.7153815299850004,True,0,,
primary_clinical_fbg_complete_case,Clinical_Plus_Core,9,4,age;male;hypertension;diabetes;neut;lymph;mono;plt;mpv;rdw;hb,training-fold median,10.0,0.75,0.7294012316007018,True,0,,
primary_clinical_fbg_complete_case,Clinical_Plus_Enhanced,9,4,age;male;hypertension;diabetes;neut;lymph;mono;plt;mpv;rdw;hb;fbg,training-fold median,1.0,0.75,0.7414461910603761,True,0,,
primary_clinical_fbg_complete_case,Clinical,9,5,age;male;hypertension;diabetes,training-fold median,0.1,0.75,0.5631975272174868,True,0,,
primary_clinical_fbg_complete_case,Clinical_Plus_PIV,9,5,age;male;hypertension;diabetes;PIV,training-fold median,10.0,0.5,0.7075292570399753,True,0,,
primary_clinical_fbg_complete_case,Clinical_Plus_Core,9,5,age;male;hypertension;diabetes;neut;lymph;mono;plt;mpv;rdw;hb,training-fold median,1.0,0.25,0.722156511097983,True,0,,
primary_clinical_fbg_complete_case,Clinical_Plus_Enhanced,9,5,age;male;hypertension;diabetes;neut;lymph;mono;plt;mpv;rdw;hb;fbg,training-fold median,0.1,0.25,0.728671195881509,True,0,,
primary_clinical_fbg_complete_case,Clinical,10,1,age;male;hypertension;diabetes,training-fold median,0.1,0.75,0.5525488626407251,True,0,,
primary_clinical_fbg_complete_case,Clinical_Plus_PIV,10,1,age;male;hypertension;diabetes;PIV,training-fold median,0.1,0.75,0.7181350553237743,True,0,,
primary_clinical_fbg_complete_case,Clinical_Plus_Core,10,1,age;male;hypertension;diabetes;neut;lymph;mono;plt;mpv;rdw;hb,training-fold median,0.1,0.75,0.7175545868441985,True,0,,
primary_clinical_fbg_complete_case,Clinical_Plus_Enhanced,10,1,age;male;hypertension;diabetes;neut;lymph;mono;plt;mpv;rdw;hb;fbg,training-fold median,0.1,0.5,0.7306546762135291,True,0,,
primary_clinical_fbg_complete_case,Clinical,10,2,age;male;hypertension;diabetes,training-fold median,0.1,0.75,0.5407604924364272,True,0,,
primary_clinical_fbg_complete_case,Clinical_Plus_PIV,10,2,age;male;hypertension;diabetes;PIV,training-fold median,0.1,0.75,0.7255956402688744,True,0,,
primary_clinical_fbg_complete_case,Clinical_Plus_Core,10,2,age;male;hypertension;diabetes;neut;lymph;mono;plt;mpv;rdw;hb,training-fold median,1.0,0.25,0.7424080886175193,True,0,,
primary_clinical_fbg_complete_case,Clinical_Plus_Enhanced,10,2,age;male;hypertension;diabetes;neut;lymph;mono;plt;mpv;rdw;hb;fbg,training-fold median,0.1,0.25,0.7400786099481275,True,0,,
primary_clinical_fbg_complete_case,Clinical,10,3,age;male;hypertension;diabetes,training-fold median,0.1,0.75,0.5438437740929236,True,0,,
primary_clinical_fbg_complete_case,Clinical_Plus_PIV,10,3,age;male;hypertension;diabetes;PIV,training-fold median,10.0,0.25,0.7092837661752577,True,0,,
primary_clinical_fbg_complete_case,Clinical_Plus_Core,10,3,age;male;hypertension;diabetes;neut;lymph;mono;plt;mpv;rdw;hb,training-fold median,1.0,0.25,0.7336335247924467,True,0,,
primary_clinical_fbg_complete_case,Clinical_Plus_Enhanced,10,3,age;male;hypertension;diabetes;neut;lymph;mono;plt;mpv;rdw;hb;fbg,training-fold median,1.0,0.25,0.7408012447696313,True,0,,
primary_clinical_fbg_complete_case,Clinical,10,4,age;male;hypertension;diabetes,training-fold median,0.1,0.25,0.559252913982427,True,0,,
primary_clinical_fbg_complete_case,Clinical_Plus_PIV,10,4,age;male;hypertension;diabetes;PIV,training-fold median,0.1,0.75,0.7055349113217325,True,0,,
primary_clinical_fbg_complete_case,Clinical_Plus_Core,10,4,age;male;hypertension;diabetes;neut;lymph;mono;plt;mpv;rdw;hb,training-fold median,0.1,0.5,0.7217217213544183,True,0,,
primary_clinical_fbg_complete_case,Clinical_Plus_Enhanced,10,4,age;male;hypertension;diabetes;neut;lymph;mono;plt;mpv;rdw;hb;fbg,training-fold median,1.0,0.25,0.7320468491806927,True,0,,
primary_clinical_fbg_complete_case,Clinical,10,5,age;male;hypertension;diabetes,training-fold median,0.1,0.75,0.5489654541874138,True,0,,
primary_clinical_fbg_complete_case,Clinical_Plus_PIV,10,5,age;male;hypertension;diabetes;PIV,training-fold median,0.1,0.75,0.7103330801474105,True,0,,
primary_clinical_fbg_complete_case,Clinical_Plus_Core,10,5,age;male;hypertension;diabetes;neut;lymph;mono;plt;mpv;rdw;hb,training-fold median,0.1,0.75,0.7263771907615271,True,0,,
primary_clinical_fbg_complete_case,Clinical_Plus_Enhanced,10,5,age;male;hypertension;diabetes;neut;lymph;mono;plt;mpv;rdw;hb;fbg,training-fold median,0.1,0.25,0.7427266014009621,True,0,,
